"behavior","MouseID","1","2","3","4","5","6","7","8","9","10","11","12","13","14","15","16","17","18","19","20","NetworkFilename"
"Leg_splaying","007647",0,0,0,0,0,0,0,0,0,0,0,0,0,0,0,NA,NA,NA,NA,NA,"007647_B6J_F_40mg-kg.avi"
"Leg_splaying","007648",0,0,0,0,0,0,0,0,0,0,0,0,0,0,NA,NA,NA,NA,NA,NA,"007648_B6J_F_40mg-kg.avi"
"Leg_splaying","007649",0,0,0,0,0,0,0,0,0,0,0,0,0,NA,NA,NA,NA,NA,NA,NA,"007649_B6J_F_40mg-kg.avi"
"Leg_splaying","007650",0,0,0,0,0,0,0,0,0,0,0,0,0,NA,NA,NA,NA,NA,NA,NA,"007650_B6J_F_40mg-kg.avi"
"Leg_splaying","007651",0,0,0,0,0,0,0,0,0,0,0,0,0,NA,NA,NA,NA,NA,NA,NA,"007651_B6J_F_40mg-kg.avi"
"Leg_splaying","007652",0,0,0,0,0,0,0,0,0,0,0,0,0,NA,NA,NA,NA,NA,NA,NA,"007652_B6J_F_40mg-kg.avi"
"Leg_splaying","007653",1.03333333333333,15.8,0,1,0,NA,NA,NA,NA,NA,NA,NA,NA,NA,NA,NA,NA,NA,NA,NA,"007653_B6J_F_60mg-kg.avi"
"Leg_splaying","007654",0,0,1.9,0,NA,NA,NA,NA,NA,NA,NA,NA,NA,NA,NA,NA,NA,NA,NA,NA,"007654_B6J_F_60mg-kg.avi"
"Leg_splaying","007656",0,0,46.1,0,NA,NA,NA,NA,NA,NA,NA,NA,NA,NA,NA,NA,NA,NA,NA,NA,"007656_B6J_F_60mg-kg.avi"
"Leg_splaying","007657",0,24.2,0,0,NA,NA,NA,NA,NA,NA,NA,NA,NA,NA,NA,NA,NA,NA,NA,NA,"007657_B6J_F_60mg-kg.avi"
"Leg_splaying","007658",0,0,8.8,2.96666666666667,0,NA,NA,NA,NA,NA,NA,NA,NA,NA,NA,NA,NA,NA,NA,NA,"007658_B6J_F_60mg-kg PTZ.avi"
"Leg_splaying","007659",4.23333333333333,0.6,0,NA,NA,NA,NA,NA,NA,NA,NA,NA,NA,NA,NA,NA,NA,NA,NA,NA,"007659_B6J_F_80mg-kg_.avi"
"Leg_splaying","007660",31.7666666666667,2.73333333333333,0,NA,NA,NA,NA,NA,NA,NA,NA,NA,NA,NA,NA,NA,NA,NA,NA,NA,"007660_B6J_F_80mg-kg_.avi"
"Leg_splaying","007661",27.2,25.4,0,NA,NA,NA,NA,NA,NA,NA,NA,NA,NA,NA,NA,NA,NA,NA,NA,NA,"007661_B6J_F_80mg-kg_.avi"
"Leg_splaying","007662",0,9.03333333333333,0,0,NA,NA,NA,NA,NA,NA,NA,NA,NA,NA,NA,NA,NA,NA,NA,NA,"007662_B6J_F_80mg-kg_called_7762.avi"
"Leg_splaying","007663",24,0,0,NA,NA,NA,NA,NA,NA,NA,NA,NA,NA,NA,NA,NA,NA,NA,NA,NA,"007663_B6J_F_80mg-kg_called_7763.avi"
"Leg_splaying","007664",0,5.16666666666667,0,NA,NA,NA,NA,NA,NA,NA,NA,NA,NA,NA,NA,NA,NA,NA,NA,NA,"007664_B6J_F_80mg-kg_called_7764.avi"
"Leg_splaying","007665",0,0,0,0,0,0,0,0,0,NA,NA,NA,NA,NA,NA,NA,NA,NA,NA,NA,"007665_B6J_F_vehicle_.avi"
"Leg_splaying","007666",0,0,0,0,0,0,0,0,0,NA,NA,NA,NA,NA,NA,NA,NA,NA,NA,NA,"007666_B6J_F_vehicle_.avi"
"Leg_splaying","007667",0,0,0,0,0,0,0,0,0,0,0,0,0,NA,NA,NA,NA,NA,NA,NA,"007667_B6J_F_vehicle_.avi"
"Leg_splaying","007668",0,0,0,0,0,0,0,0,0,0,0,0,NA,NA,NA,NA,NA,NA,NA,NA,"007668_B6J_F_vehicle_.avi"
"Leg_splaying","007669",0,0,0,0,0,0,0,0,0,0,0,NA,NA,NA,NA,NA,NA,NA,NA,NA,"007669_B6J_F_vehicle_.avi"
"Leg_splaying","007670",0,0,0,0,0,0,0,0,0,0,NA,NA,NA,NA,NA,NA,NA,NA,NA,NA,"007670_B6J_F_vehicle_.avi"
"Leg_splaying","007671",0,0,0,0,0,0,0,0,0,0,0,0,0,0,0,0,0,0,0,0,"007671_B6J_M_40mg-kg_.avi"
"Leg_splaying","007672",0,0,0,0,0,0,0,0,0,0,0,0,0,0,0,0,0,0,0,0,"007672_B6J_M_40mg-kg_.avi"
"Leg_splaying","007673",0,0,0,0,0,0,0,0,0,0,0,0,NA,NA,NA,NA,NA,NA,NA,NA,"007673_B6J_M_40mg-kg_.avi"
"Leg_splaying","007674",0,0,0,0,0,0,0,0,0,0,NA,NA,NA,NA,NA,NA,NA,NA,NA,NA,"007674_B6J_M_40mg-kg_.avi"
"Leg_splaying","007675",0,0,0,0,0,0,32.3666666666667,60,5.8,0,NA,NA,NA,NA,NA,NA,NA,NA,NA,NA,"007675 B6J M 40mg-kg NV5_2022-03-22_11-01-39.avi"
"Leg_splaying","007676",0,0,0,0,0,0,0,0,0,0,NA,NA,NA,NA,NA,NA,NA,NA,NA,NA,"007676 B6J M 40 mg-kgNV10 or NV11 video_recording_2022-03-22_11-03-40.avi"
"Leg_splaying","007677",0.6,0,0,2.43333333333333,0,NA,NA,NA,NA,NA,NA,NA,NA,NA,NA,NA,NA,NA,NA,NA,"007677_B6J_M_60mg-kg_.avi"
"Leg_splaying","007679",0,13.3333333333333,0,NA,NA,NA,NA,NA,NA,NA,NA,NA,NA,NA,NA,NA,NA,NA,NA,NA,"007679_B6J_M_60mg-kg_.avi"
"Leg_splaying","007680",0,0,0,0,1,1.3,14,0,NA,NA,NA,NA,NA,NA,NA,NA,NA,NA,NA,NA,"007680_B6J_M_60mg-kg_.avi"
"Leg_splaying","007681",0,5.06666666666667,1.33333333333333,0,0,0,15.6333333333333,0,NA,NA,NA,NA,NA,NA,NA,NA,NA,NA,NA,NA,"007681_B6J_M_60mg-kg_.avi"
"Leg_splaying","007682",18.4333333333333,13.7666666666667,0,0,NA,NA,NA,NA,NA,NA,NA,NA,NA,NA,NA,NA,NA,NA,NA,NA,"007682_B6J_M_60mg-kg_.avi"
"Leg_splaying","007683",10.5666666666667,0,NA,NA,NA,NA,NA,NA,NA,NA,NA,NA,NA,NA,NA,NA,NA,NA,NA,NA,"007683_B6J_M_80mg-kg_.avi"
"Leg_splaying","007684",9.83333333333333,0,NA,NA,NA,NA,NA,NA,NA,NA,NA,NA,NA,NA,NA,NA,NA,NA,NA,NA,"007684 B6J_M_80mg-kg video_recording_NV10 or NV11 041222.avi"
"Leg_splaying","007685",10,0,NA,NA,NA,NA,NA,NA,NA,NA,NA,NA,NA,NA,NA,NA,NA,NA,NA,NA,"007685_B6J_M_80mg-kg_.avi"
"Leg_splaying","007686",4.23333333333333,20.1,0,NA,NA,NA,NA,NA,NA,NA,NA,NA,NA,NA,NA,NA,NA,NA,NA,NA,"007686_B6J_M_80mg-kg_.avi"
"Leg_splaying","007687",7.13333333333333,0,NA,NA,NA,NA,NA,NA,NA,NA,NA,NA,NA,NA,NA,NA,NA,NA,NA,NA,"007687_B6J_M_80mg-kg_.avi"
"Leg_splaying","007688",19.8,34.3666666666667,0,NA,NA,NA,NA,NA,NA,NA,NA,NA,NA,NA,NA,NA,NA,NA,NA,NA,"007688_B6J_M_80mg-kg_.avi"
"Leg_splaying","007689",0,NA,NA,NA,NA,NA,NA,NA,NA,NA,NA,NA,NA,NA,NA,NA,NA,NA,NA,NA,"007689_B6J_M_vehicle_.avi"
"Leg_splaying","007690",0,NA,NA,NA,NA,NA,NA,NA,NA,NA,NA,NA,NA,NA,NA,NA,NA,NA,NA,NA,"007690_B6J_M_vehicle_.avi"
"Leg_splaying","007691",0,0,0,0,0,0,0.6,0,0,0,0,0.8,0,0,0,0,0,0,0,0,"007691_B6J_M_vehicle_.avi"
"Leg_splaying","007692",0,0,0,0,0,0,0,1.06666666666667,0,0,0,0,0,0,0,0,0,0,0,0,"007692_B6J_M_vehicle_.avi"
"Leg_splaying","007693",1.13333333333333,0,0,0,0,1.36666666666667,0,0,0,0,0,0,0,0,0,NA,NA,NA,NA,NA,"007693_B6J_M_vehicle_.avi"
"Leg_splaying","007694",0,0,0,0,0,0,0,0,0,0,0,0,0,0,NA,NA,NA,NA,NA,NA,"007694_B6J_M_vehicle_.avi"
"Leg_splaying","007695",0,0,0,0,0,0,0,0,0,0,0,0,NA,NA,NA,NA,NA,NA,NA,NA,"007695_B6NJ_F_40mg-kg_called B6J.avi"
"Leg_splaying","007696",0,0,0,0,0,0,0,0,0,0,0,0,0,0,NA,NA,NA,NA,NA,NA,"007696_B6NJ_F_40mg-kg_called B6J.avi"
"Leg_splaying","007697",0,0,0,0,0,0,0,0,0,0,0,0,0,NA,NA,NA,NA,NA,NA,NA,"007697_B6NJ_F_40mg-kg_called B6J.avi"
"Leg_splaying","007698",0,0,0,0,0,0,0.666666666666667,0,0,0,0,0,0,NA,NA,NA,NA,NA,NA,NA,"007698_B6NJ_F_40mg-kg_called B6J.avi"
"Leg_splaying","007699",0,0,0,0,0,0,0,0,0,0,0,0,0,0,NA,NA,NA,NA,NA,NA,"007699_B6NJ_F_40mg-kg_called B6J.avi"
"Leg_splaying","007700",0,0,0,0,0,0,0,0,2.33333333333333,0,0,NA,NA,NA,NA,NA,NA,NA,NA,NA,"007700_B6NJ_F_40mg-kg_called B6J.avi"
"Leg_splaying","007701",0,39.4333333333333,0,0,NA,NA,NA,NA,NA,NA,NA,NA,NA,NA,NA,NA,NA,NA,NA,NA,"007701_B6NJ_F_60mg_kg_.avi"
"Leg_splaying","007702",16.2,27,0,NA,NA,NA,NA,NA,NA,NA,NA,NA,NA,NA,NA,NA,NA,NA,NA,NA,"007702_B6NJ_F_60mg_kg_.avi"
"Leg_splaying","007703",0.566666666666667,0,19.5333333333333,26.7333333333333,0,NA,NA,NA,NA,NA,NA,NA,NA,NA,NA,NA,NA,NA,NA,NA,"007703_B6NJ_F_60mg_kg_.avi"
"Leg_splaying","007704",0,0,0,0,0,0,0,7.7,21.9,0,NA,NA,NA,NA,NA,NA,NA,NA,NA,NA,"007704_B6NJ_F_60mg-kg_.avi"
"Leg_splaying","007705",0,0,1.1,20.7,0,NA,NA,NA,NA,NA,NA,NA,NA,NA,NA,NA,NA,NA,NA,NA,"007705_B6NJ_F_60mg-kg_.avi"
"Leg_splaying","007706",0,9.5,0,NA,NA,NA,NA,NA,NA,NA,NA,NA,NA,NA,NA,NA,NA,NA,NA,NA,"007706_B6NJ_F_80mg-kg_.avi"
"Leg_splaying","007707",0.5,0,0,NA,NA,NA,NA,NA,NA,NA,NA,NA,NA,NA,NA,NA,NA,NA,NA,NA,"007707_B6NJ_F_80mg-kg_.avi"
"Leg_splaying","007708",0,0,0,0,0,0,NA,NA,NA,NA,NA,NA,NA,NA,NA,NA,NA,NA,NA,NA,"007708_B6NJ_F_80mg-kg_.avi"
"Leg_splaying","007709",4.3,0,0,NA,NA,NA,NA,NA,NA,NA,NA,NA,NA,NA,NA,NA,NA,NA,NA,NA,"007709_B6NJ_F_80mg-kg_.avi"
"Leg_splaying","007710",17.5,1.66666666666667,0,NA,NA,NA,NA,NA,NA,NA,NA,NA,NA,NA,NA,NA,NA,NA,NA,NA,"007710_B6NJ_F_80mg-kg_.avi"
"Leg_splaying","007711",5.66666666666667,1.33333333333333,NA,NA,NA,NA,NA,NA,NA,NA,NA,NA,NA,NA,NA,NA,NA,NA,NA,NA,"007711_B6NJ_F_80mg-kg_.avi"
"Leg_splaying","007713",0,NA,NA,NA,NA,NA,NA,NA,NA,NA,NA,NA,NA,NA,NA,NA,NA,NA,NA,NA,"007713_B6NJ_F_vehicle_.avi"
"Leg_splaying","007714",0,0,NA,NA,NA,NA,NA,NA,NA,NA,NA,NA,NA,NA,NA,NA,NA,NA,NA,NA,"007714_B6NJ_F_vehicle_.avi"
"Leg_splaying","007715",2.1,0,0.666666666666667,0,0,0,0,0,0,0,0,0,0,0,NA,NA,NA,NA,NA,NA,"007715_B6NJ_F_vehicle_.avi"
"Leg_splaying","007716",0,0,0,0,0,0,0,0,0,0,0,0,NA,NA,NA,NA,NA,NA,NA,NA,"007716_B6NJ_F_vehicle_.avi"
"Leg_splaying","007717",0,0,0,0,0,0,0,0,0,0,0,0,0,0,0,NA,NA,NA,NA,NA,"007717_B6NJ_F_vehicle_.avi"
"Leg_splaying","007718",0,0,0,0,0,0,0,0,0,0,0,0,0,0,0,0,NA,NA,NA,NA,"007718_B6NJ_F_vehicle_.avi"
"Leg_splaying","007720",0,9.33333333333333,0,NA,NA,NA,NA,NA,NA,NA,NA,NA,NA,NA,NA,NA,NA,NA,NA,NA,"007720 B6NJ M 40 mg-kg NV9_2022-03-22_11-03-10.avi"
"Leg_splaying","007723",23.5666666666667,1.86666666666667,0,0,0,NA,NA,NA,NA,NA,NA,NA,NA,NA,NA,NA,NA,NA,NA,NA,"007723 B6NJ M 40 mg-kg NV9_2022-03-22_12-00-00 maybe part 2.avi"
"Leg_splaying","007725",0,0,NA,NA,NA,NA,NA,NA,NA,NA,NA,NA,NA,NA,NA,NA,NA,NA,NA,NA,"007725_B6NJ_M_60mg-kg_.avi"
"Leg_splaying","007726",3.63333333333333,0,NA,NA,NA,NA,NA,NA,NA,NA,NA,NA,NA,NA,NA,NA,NA,NA,NA,NA,"007726_B6NJ_M_60mg-kg_.avi"
"Leg_splaying","007727",12.1,2.66666666666667,NA,NA,NA,NA,NA,NA,NA,NA,NA,NA,NA,NA,NA,NA,NA,NA,NA,NA,"007727_B6NJ_M_60mg-kg_.avi"
"Leg_splaying","007729",0.833333333333333,4.8,0,NA,NA,NA,NA,NA,NA,NA,NA,NA,NA,NA,NA,NA,NA,NA,NA,NA,"007729_B6NJ_M_60mg-kg_.avi"
"Leg_splaying","007730",0,0,NA,NA,NA,NA,NA,NA,NA,NA,NA,NA,NA,NA,NA,NA,NA,NA,NA,NA,"007730_B6NJ_M_60mg-kg_.avi"
"Leg_splaying","007731",8.1,0,NA,NA,NA,NA,NA,NA,NA,NA,NA,NA,NA,NA,NA,NA,NA,NA,NA,NA,"007731_B6NJ_M_80mg-kg_called 7631.avi"
"Leg_splaying","007732",1.5,1.26666666666667,0,NA,NA,NA,NA,NA,NA,NA,NA,NA,NA,NA,NA,NA,NA,NA,NA,NA,"007732_B6NJ_M_80mg-kg_.avi"
"Leg_splaying","007733",0,0,NA,NA,NA,NA,NA,NA,NA,NA,NA,NA,NA,NA,NA,NA,NA,NA,NA,NA,"007733_B6NJ_M_80mg-kg_.avi"
"Leg_splaying","007735",1.56666666666667,0,0,NA,NA,NA,NA,NA,NA,NA,NA,NA,NA,NA,NA,NA,NA,NA,NA,NA,"007735_B6NJ_M_80mg-kg_.avi"
"Leg_splaying","007736",0.533333333333333,0,0,NA,NA,NA,NA,NA,NA,NA,NA,NA,NA,NA,NA,NA,NA,NA,NA,NA,"007736_B6NJ_M_80mg-kg_.avi"
"Leg_splaying","007738",0,0,0,0,0,0,5.26666666666667,37.1333333333333,12.1666666666667,0,0,0,1.06666666666667,0,0,0,0,0,0,0,"007738_B6NJ_M_vehicle_.avi"
"Leg_splaying","007740",0,0,0,0,0,0,0,0,0,0,0,0,0,0,0,0,0,0,0,0,"007740_B6NJ_M_vehicle_.avi"
"Leg_splaying","007741",0,0,0,0,0,0,0,3.9,0,0,NA,NA,NA,NA,NA,NA,NA,NA,NA,NA,"007741_B6NJ_M_vehicle_.avi"
"Leg_splaying","007742",0,16.7333333333333,54.4,0,NA,NA,NA,NA,NA,NA,NA,NA,NA,NA,NA,NA,NA,NA,NA,NA,"007655_B6J_F_60mg-kg PTZ"
"Leg_splaying","037818",0,0,0,0,1,0,0,NA,NA,NA,NA,NA,NA,NA,NA,NA,NA,NA,NA,NA,"037818_B6NJ_F_38712.avi"
"Leg_splaying","037819",0.866666666666667,0,0,0,0,0,NA,NA,NA,NA,NA,NA,NA,NA,NA,NA,NA,NA,NA,NA,"037819_B6NJ_F_38713.avi"
"Leg_splaying","037820",0,0,0,0,0,0,0,NA,NA,NA,NA,NA,NA,NA,NA,NA,NA,NA,NA,NA,"037820_B6NJ_F_38714.avi"
"Leg_splaying","037821",0,0,0,0,0,0.6,0,0,NA,NA,NA,NA,NA,NA,NA,NA,NA,NA,NA,NA,"037821_B6NJ_F_38715.avi"
"Leg_splaying","037822",0,0,0,0,0,0,0,NA,NA,NA,NA,NA,NA,NA,NA,NA,NA,NA,NA,NA,"037822_B6NJ_F_38716.avi"
"Leg_splaying","037823",0,6.46666666666667,0,0,0,0,0,NA,NA,NA,NA,NA,NA,NA,NA,NA,NA,NA,NA,NA,"037823_B6NJ_F_38717.avi"
"Leg_splaying","037833",1.83333333333333,0,0,0,0,0,0,0,0,NA,NA,NA,NA,NA,NA,NA,NA,NA,NA,NA,"037833_B6J_M_38727.avi"
"Leg_splaying","037834",0,0,0,0,0,0,0,NA,NA,NA,NA,NA,NA,NA,NA,NA,NA,NA,NA,NA,"037834_B6J_M_38728.avi"
"Leg_splaying","037835",0,0,0,0,0,NA,NA,NA,NA,NA,NA,NA,NA,NA,NA,NA,NA,NA,NA,NA,"037835_B6J_M_38729.avi"
"Leg_splaying","037836",0,0,0,0.633333333333333,0,0,0,0,NA,NA,NA,NA,NA,NA,NA,NA,NA,NA,NA,NA,"037836_B6J_M_38730.avi"
"Leg_splaying","037837",0,0,0,0,0,0,NA,NA,NA,NA,NA,NA,NA,NA,NA,NA,NA,NA,NA,NA,"037837_B6J_M_38731.avi"
"Leg_splaying","037838",0,0,0,0,0,0,0,NA,NA,NA,NA,NA,NA,NA,NA,NA,NA,NA,NA,NA,"037838_B6J_M_38732.avi"
"Leg_splaying","037848",2.93333333333333,0,0,0,NA,NA,NA,NA,NA,NA,NA,NA,NA,NA,NA,NA,NA,NA,NA,NA,"037848_B6J_F_38742.avi"
"Leg_splaying","037849",0,NA,NA,NA,NA,NA,NA,NA,NA,NA,NA,NA,NA,NA,NA,NA,NA,NA,NA,NA,"037849_B6J_F_38743.avi"
"Leg_splaying","037939",0,0,0,0,0,0,0,NA,NA,NA,NA,NA,NA,NA,NA,NA,NA,NA,NA,NA,"037939_B6J_F_38833.avi"
"Leg_splaying","037940",0,0,0,0,0,0,NA,NA,NA,NA,NA,NA,NA,NA,NA,NA,NA,NA,NA,NA,"037940_B6J_F_38834.avi"
"Leg_splaying","037941",0,0,0,0,0,0,NA,NA,NA,NA,NA,NA,NA,NA,NA,NA,NA,NA,NA,NA,"037941_B6J_F_38835.avi"
"Leg_splaying","037942",0,0,0,0,0,0,0,NA,NA,NA,NA,NA,NA,NA,NA,NA,NA,NA,NA,NA,"037942_B6J_F_38836.avi"
"Leg_splaying","037949",0.566666666666667,0,0,0,0,0,NA,NA,NA,NA,NA,NA,NA,NA,NA,NA,NA,NA,NA,NA,"037949_B6NJ_M_38843.avi"
"Leg_splaying","037950",0.5,0,0,0,0,0,NA,NA,NA,NA,NA,NA,NA,NA,NA,NA,NA,NA,NA,NA,"037950_B6NJ_M_38844.avi"
"Leg_splaying","037951",0,0,0.733333333333333,0,0,0,0,NA,NA,NA,NA,NA,NA,NA,NA,NA,NA,NA,NA,NA,"037951_B6NJ_M_38845.avi"
"Leg_splaying","037952",0,0,0,0,0,0,0,NA,NA,NA,NA,NA,NA,NA,NA,NA,NA,NA,NA,NA,"037952_B6NJ_M_38846.avi"
"Leg_splaying","037953",0,2.03333333333333,0.6,0,3.1,0.666666666666667,0,0,NA,NA,NA,NA,NA,NA,NA,NA,NA,NA,NA,NA,"037953_B6NJ_M_38847.avi"
"Leg_splaying","037954",1.76666666666667,4.66666666666667,0.766666666666667,3.5,6.9,14.4333333333333,0,0,NA,NA,NA,NA,NA,NA,NA,NA,NA,NA,NA,NA,"037954_B6NJ_M_38848.avi"
"Freeze_001","007647",0,4.3,9.93333333333333,0,1.36666666666667,25.1666666666667,3.03333333333333,0,0,0,0,0,7.63333333333333,0,0,NA,NA,NA,NA,NA,"007647_B6J_F_40mg-kg.avi"
"Freeze_001","007648",0,12.8,0,4.73333333333333,0,3.36666666666667,9.33333333333333,0,0,0,7.43333333333333,23.3,0,0,NA,NA,NA,NA,NA,NA,"007648_B6J_F_40mg-kg.avi"
"Freeze_001","007649",3.26666666666667,12,3.63333333333333,4.16666666666667,8.9,16.7333333333333,3.93333333333333,3.13333333333333,4.06666666666667,5.5,0,0,0,NA,NA,NA,NA,NA,NA,NA,"007649_B6J_F_40mg-kg.avi"
"Freeze_001","007650",20.7,28.5,21.7,3.03333333333333,6.7,17.9333333333333,6.13333333333333,3.46666666666667,0,9.6,0,0,0,NA,NA,NA,NA,NA,NA,NA,"007650_B6J_F_40mg-kg.avi"
"Freeze_001","007651",0,0,16.1,0,4.13333333333333,3.06666666666667,8.73333333333333,4.36666666666667,5.66666666666667,8.4,7.2,0,0,NA,NA,NA,NA,NA,NA,NA,"007651_B6J_F_40mg-kg.avi"
"Freeze_001","007652",2.76666666666667,11.8,3.76666666666667,9.23333333333333,11.7,11.0666666666667,7.7,3,0,0,22.2333333333333,0,0,NA,NA,NA,NA,NA,NA,NA,"007652_B6J_F_40mg-kg.avi"
"Freeze_001","007653",0,0,6.83333333333333,0,0,NA,NA,NA,NA,NA,NA,NA,NA,NA,NA,NA,NA,NA,NA,NA,"007653_B6J_F_60mg-kg.avi"
"Freeze_001","007654",0,0,3.7,0,NA,NA,NA,NA,NA,NA,NA,NA,NA,NA,NA,NA,NA,NA,NA,NA,"007654_B6J_F_60mg-kg.avi"
"Freeze_001","007656",0,3.23333333333333,0,0,NA,NA,NA,NA,NA,NA,NA,NA,NA,NA,NA,NA,NA,NA,NA,NA,"007656_B6J_F_60mg-kg.avi"
"Freeze_001","007657",0,1.03333333333333,2.03333333333333,0,NA,NA,NA,NA,NA,NA,NA,NA,NA,NA,NA,NA,NA,NA,NA,NA,"007657_B6J_F_60mg-kg.avi"
"Freeze_001","007658",0,0,0,3.13333333333333,0,NA,NA,NA,NA,NA,NA,NA,NA,NA,NA,NA,NA,NA,NA,NA,"007658_B6J_F_60mg-kg PTZ.avi"
"Freeze_001","007659",0,0,0,NA,NA,NA,NA,NA,NA,NA,NA,NA,NA,NA,NA,NA,NA,NA,NA,NA,"007659_B6J_F_80mg-kg_.avi"
"Freeze_001","007660",7.76666666666667,3,0,NA,NA,NA,NA,NA,NA,NA,NA,NA,NA,NA,NA,NA,NA,NA,NA,NA,"007660_B6J_F_80mg-kg_.avi"
"Freeze_001","007661",3.3,0,0,NA,NA,NA,NA,NA,NA,NA,NA,NA,NA,NA,NA,NA,NA,NA,NA,NA,"007661_B6J_F_80mg-kg_.avi"
"Freeze_001","007662",0,0,0,0,NA,NA,NA,NA,NA,NA,NA,NA,NA,NA,NA,NA,NA,NA,NA,NA,"007662_B6J_F_80mg-kg_called_7762.avi"
"Freeze_001","007663",0,0,0,NA,NA,NA,NA,NA,NA,NA,NA,NA,NA,NA,NA,NA,NA,NA,NA,NA,"007663_B6J_F_80mg-kg_called_7763.avi"
"Freeze_001","007664",0,4.2,0,NA,NA,NA,NA,NA,NA,NA,NA,NA,NA,NA,NA,NA,NA,NA,NA,NA,"007664_B6J_F_80mg-kg_called_7764.avi"
"Freeze_001","007665",0,0,0,0,0,0,0,0,0,NA,NA,NA,NA,NA,NA,NA,NA,NA,NA,NA,"007665_B6J_F_vehicle_.avi"
"Freeze_001","007666",0,0,0,0,0,0,0,0,0,NA,NA,NA,NA,NA,NA,NA,NA,NA,NA,NA,"007666_B6J_F_vehicle_.avi"
"Freeze_001","007667",0,0,0,0,0,0,0,0,0,0,0,0,0,NA,NA,NA,NA,NA,NA,NA,"007667_B6J_F_vehicle_.avi"
"Freeze_001","007668",0,0,0,0,0,0,0,0,0,0,0,0,NA,NA,NA,NA,NA,NA,NA,NA,"007668_B6J_F_vehicle_.avi"
"Freeze_001","007669",0,0,0,0,0,0,0,0,0,0,0,NA,NA,NA,NA,NA,NA,NA,NA,NA,"007669_B6J_F_vehicle_.avi"
"Freeze_001","007670",0,0,0,0,0,0,0,0,0,0,NA,NA,NA,NA,NA,NA,NA,NA,NA,NA,"007670_B6J_F_vehicle_.avi"
"Freeze_001","007671",0,4.03333333333333,0,0,0,0,0,0,1.9,1.2,0,0,3.16666666666667,0,12.5666666666667,20.7666666666667,0,13.7666666666667,13.2666666666667,27.2333333333333,"007671_B6J_M_40mg-kg_.avi"
"Freeze_001","007672",8.8,3.76666666666667,21.4333333333333,0,3.1,14.4,0,46.2,9.13333333333333,0,10.5666666666667,0,0,0,0,0,0,3.16666666666667,0,0,"007672_B6J_M_40mg-kg_.avi"
"Freeze_001","007673",18,0,7.26666666666667,17.0333333333333,9.53333333333333,7.63333333333333,7.8,7.03333333333333,12,0,0,0,NA,NA,NA,NA,NA,NA,NA,NA,"007673_B6J_M_40mg-kg_.avi"
"Freeze_001","007674",4.73333333333333,4.53333333333333,18.8,0,3.66666666666667,7.8,7.3,24.8666666666667,10.3666666666667,0,NA,NA,NA,NA,NA,NA,NA,NA,NA,NA,"007674_B6J_M_40mg-kg_.avi"
"Freeze_001","007675",0,0,5.43333333333333,0,10.6333333333333,4.3,0,17.6,8.33333333333333,0,NA,NA,NA,NA,NA,NA,NA,NA,NA,NA,"007675 B6J M 40mg-kg NV5_2022-03-22_11-01-39.avi"
"Freeze_001","007676",0,0,4.43333333333333,3.26666666666667,8.73333333333333,6.53333333333333,3.3,10.5,3.56666666666667,0,NA,NA,NA,NA,NA,NA,NA,NA,NA,NA,"007676 B6J M 40 mg-kgNV10 or NV11 video_recording_2022-03-22_11-03-40.avi"
"Freeze_001","007677",0,0,21.6333333333333,0,0,NA,NA,NA,NA,NA,NA,NA,NA,NA,NA,NA,NA,NA,NA,NA,"007677_B6J_M_60mg-kg_.avi"
"Freeze_001","007679",0,0,21.8333333333333,NA,NA,NA,NA,NA,NA,NA,NA,NA,NA,NA,NA,NA,NA,NA,NA,NA,"007679_B6J_M_60mg-kg_.avi"
"Freeze_001","007680",0,5.83333333333333,0,4,28.6666666666667,17.6666666666667,4.43333333333333,0,NA,NA,NA,NA,NA,NA,NA,NA,NA,NA,NA,NA,"007680_B6J_M_60mg-kg_.avi"
"Freeze_001","007681",0,0,0,7.3,0,22.3666666666667,12.3333333333333,0,NA,NA,NA,NA,NA,NA,NA,NA,NA,NA,NA,NA,"007681_B6J_M_60mg-kg_.avi"
"Freeze_001","007682",0,3.1,0,0,NA,NA,NA,NA,NA,NA,NA,NA,NA,NA,NA,NA,NA,NA,NA,NA,"007682_B6J_M_60mg-kg_.avi"
"Freeze_001","007683",0,0,NA,NA,NA,NA,NA,NA,NA,NA,NA,NA,NA,NA,NA,NA,NA,NA,NA,NA,"007683_B6J_M_80mg-kg_.avi"
"Freeze_001","007684",0,0,NA,NA,NA,NA,NA,NA,NA,NA,NA,NA,NA,NA,NA,NA,NA,NA,NA,NA,"007684 B6J_M_80mg-kg video_recording_NV10 or NV11 041222.avi"
"Freeze_001","007685",0,0,NA,NA,NA,NA,NA,NA,NA,NA,NA,NA,NA,NA,NA,NA,NA,NA,NA,NA,"007685_B6J_M_80mg-kg_.avi"
"Freeze_001","007686",0,3.13333333333333,0,NA,NA,NA,NA,NA,NA,NA,NA,NA,NA,NA,NA,NA,NA,NA,NA,NA,"007686_B6J_M_80mg-kg_.avi"
"Freeze_001","007687",0,0,NA,NA,NA,NA,NA,NA,NA,NA,NA,NA,NA,NA,NA,NA,NA,NA,NA,NA,"007687_B6J_M_80mg-kg_.avi"
"Freeze_001","007688",3.4,11.1666666666667,0,NA,NA,NA,NA,NA,NA,NA,NA,NA,NA,NA,NA,NA,NA,NA,NA,NA,"007688_B6J_M_80mg-kg_.avi"
"Freeze_001","007689",0,NA,NA,NA,NA,NA,NA,NA,NA,NA,NA,NA,NA,NA,NA,NA,NA,NA,NA,NA,"007689_B6J_M_vehicle_.avi"
"Freeze_001","007690",0,NA,NA,NA,NA,NA,NA,NA,NA,NA,NA,NA,NA,NA,NA,NA,NA,NA,NA,NA,"007690_B6J_M_vehicle_.avi"
"Freeze_001","007691",0,0,0,0,0,0,0,0,0,0,0,0,0,0,0,0,0,0,0,0,"007691_B6J_M_vehicle_.avi"
"Freeze_001","007692",0,0,0,0,0,0,0,0,0,0,0,0,0,0,0,0,0,0,0,0,"007692_B6J_M_vehicle_.avi"
"Freeze_001","007693",0,0,0,0,0,0,0,0,0,0,0,0,0,0,0,NA,NA,NA,NA,NA,"007693_B6J_M_vehicle_.avi"
"Freeze_001","007694",0,0,0,0,0,0,0,0,0,0,0,0,0,0,NA,NA,NA,NA,NA,NA,"007694_B6J_M_vehicle_.avi"
"Freeze_001","007695",3.16666666666667,40.5666666666667,14.2333333333333,0,10.4333333333333,8.33333333333333,5.43333333333333,3.13333333333333,3,8.33333333333333,0,0,NA,NA,NA,NA,NA,NA,NA,NA,"007695_B6NJ_F_40mg-kg_called B6J.avi"
"Freeze_001","007696",0,3.26666666666667,18.1666666666667,10.1333333333333,14.5333333333333,8.16666666666667,3.13333333333333,3.23333333333333,0,0,0,0,0,0.4,NA,NA,NA,NA,NA,NA,"007696_B6NJ_F_40mg-kg_called B6J.avi"
"Freeze_001","007697",4.13333333333333,0,3.03333333333333,0,13.1,3.6,0,0,3.2,0,0,0,0,NA,NA,NA,NA,NA,NA,NA,"007697_B6NJ_F_40mg-kg_called B6J.avi"
"Freeze_001","007698",0,0,9.26666666666667,9.6,16.0333333333333,7.63333333333333,11.6666666666667,5.36666666666667,0,0,0,0,0,NA,NA,NA,NA,NA,NA,NA,"007698_B6NJ_F_40mg-kg_called B6J.avi"
"Freeze_001","007699",0,3.83333333333333,23.3666666666667,6.86666666666667,29.0333333333333,33.5,4.96666666666667,0,0,0,0,0,0,0,NA,NA,NA,NA,NA,NA,"007699_B6NJ_F_40mg-kg_called B6J.avi"
"Freeze_001","007700",0,0,0,8.96666666666667,0,0,0,0,0,15.8333333333333,0,NA,NA,NA,NA,NA,NA,NA,NA,NA,"007700_B6NJ_F_40mg-kg_called B6J.avi"
"Freeze_001","007701",3.1,8.56666666666667,0,0,NA,NA,NA,NA,NA,NA,NA,NA,NA,NA,NA,NA,NA,NA,NA,NA,"007701_B6NJ_F_60mg_kg_.avi"
"Freeze_001","007702",0,0,0,NA,NA,NA,NA,NA,NA,NA,NA,NA,NA,NA,NA,NA,NA,NA,NA,NA,"007702_B6NJ_F_60mg_kg_.avi"
"Freeze_001","007703",0,0,0.666666666666667,24.6,0,NA,NA,NA,NA,NA,NA,NA,NA,NA,NA,NA,NA,NA,NA,NA,"007703_B6NJ_F_60mg_kg_.avi"
"Freeze_001","007704",0,0,0,0,0,0,0,0,4.16666666666667,0,NA,NA,NA,NA,NA,NA,NA,NA,NA,NA,"007704_B6NJ_F_60mg-kg_.avi"
"Freeze_001","007705",0,4.66666666666667,4.6,3.23333333333333,0,NA,NA,NA,NA,NA,NA,NA,NA,NA,NA,NA,NA,NA,NA,NA,"007705_B6NJ_F_60mg-kg_.avi"
"Freeze_001","007706",3.26666666666667,0,0,NA,NA,NA,NA,NA,NA,NA,NA,NA,NA,NA,NA,NA,NA,NA,NA,NA,"007706_B6NJ_F_80mg-kg_.avi"
"Freeze_001","007707",8.53333333333333,3.66666666666667,0,NA,NA,NA,NA,NA,NA,NA,NA,NA,NA,NA,NA,NA,NA,NA,NA,NA,"007707_B6NJ_F_80mg-kg_.avi"
"Freeze_001","007708",0,6.46666666666667,12.6666666666667,10.3333333333333,0,0,NA,NA,NA,NA,NA,NA,NA,NA,NA,NA,NA,NA,NA,NA,"007708_B6NJ_F_80mg-kg_.avi"
"Freeze_001","007709",0,3.06666666666667,0,NA,NA,NA,NA,NA,NA,NA,NA,NA,NA,NA,NA,NA,NA,NA,NA,NA,"007709_B6NJ_F_80mg-kg_.avi"
"Freeze_001","007710",13.1666666666667,14.9,0,NA,NA,NA,NA,NA,NA,NA,NA,NA,NA,NA,NA,NA,NA,NA,NA,NA,"007710_B6NJ_F_80mg-kg_.avi"
"Freeze_001","007711",0,0,NA,NA,NA,NA,NA,NA,NA,NA,NA,NA,NA,NA,NA,NA,NA,NA,NA,NA,"007711_B6NJ_F_80mg-kg_.avi"
"Freeze_001","007713",0,NA,NA,NA,NA,NA,NA,NA,NA,NA,NA,NA,NA,NA,NA,NA,NA,NA,NA,NA,"007713_B6NJ_F_vehicle_.avi"
"Freeze_001","007714",0,0,NA,NA,NA,NA,NA,NA,NA,NA,NA,NA,NA,NA,NA,NA,NA,NA,NA,NA,"007714_B6NJ_F_vehicle_.avi"
"Freeze_001","007715",0,0,0,0,0,0,0,0,0,0,0,0,0,0,NA,NA,NA,NA,NA,NA,"007715_B6NJ_F_vehicle_.avi"
"Freeze_001","007716",0,0,0,0,0,0,0,0,0,0,0,0,NA,NA,NA,NA,NA,NA,NA,NA,"007716_B6NJ_F_vehicle_.avi"
"Freeze_001","007717",0,0,0,0,0,0,0,0,0,0,0,0,0,0,0,NA,NA,NA,NA,NA,"007717_B6NJ_F_vehicle_.avi"
"Freeze_001","007718",0,0,0,0,0,0,0,0,0,0,0,0,0,0,0,0,NA,NA,NA,NA,"007718_B6NJ_F_vehicle_.avi"
"Freeze_001","007720",0,0,30.8,NA,NA,NA,NA,NA,NA,NA,NA,NA,NA,NA,NA,NA,NA,NA,NA,NA,"007720 B6NJ M 40 mg-kg NV9_2022-03-22_11-03-10.avi"
"Freeze_001","007723",3.66666666666667,15.7666666666667,43.3333333333333,18.9,3.5,NA,NA,NA,NA,NA,NA,NA,NA,NA,NA,NA,NA,NA,NA,NA,"007723 B6NJ M 40 mg-kg NV9_2022-03-22_12-00-00 maybe part 2.avi"
"Freeze_001","007725",0,0,NA,NA,NA,NA,NA,NA,NA,NA,NA,NA,NA,NA,NA,NA,NA,NA,NA,NA,"007725_B6NJ_M_60mg-kg_.avi"
"Freeze_001","007726",0,0,NA,NA,NA,NA,NA,NA,NA,NA,NA,NA,NA,NA,NA,NA,NA,NA,NA,NA,"007726_B6NJ_M_60mg-kg_.avi"
"Freeze_001","007727",0,4.8,NA,NA,NA,NA,NA,NA,NA,NA,NA,NA,NA,NA,NA,NA,NA,NA,NA,NA,"007727_B6NJ_M_60mg-kg_.avi"
"Freeze_001","007729",0,0,0,NA,NA,NA,NA,NA,NA,NA,NA,NA,NA,NA,NA,NA,NA,NA,NA,NA,"007729_B6NJ_M_60mg-kg_.avi"
"Freeze_001","007730",0,4.53333333333333,NA,NA,NA,NA,NA,NA,NA,NA,NA,NA,NA,NA,NA,NA,NA,NA,NA,NA,"007730_B6NJ_M_60mg-kg_.avi"
"Freeze_001","007731",0,0,NA,NA,NA,NA,NA,NA,NA,NA,NA,NA,NA,NA,NA,NA,NA,NA,NA,NA,"007731_B6NJ_M_80mg-kg_called 7631.avi"
"Freeze_001","007732",0,0,0,NA,NA,NA,NA,NA,NA,NA,NA,NA,NA,NA,NA,NA,NA,NA,NA,NA,"007732_B6NJ_M_80mg-kg_.avi"
"Freeze_001","007733",0,0,NA,NA,NA,NA,NA,NA,NA,NA,NA,NA,NA,NA,NA,NA,NA,NA,NA,NA,"007733_B6NJ_M_80mg-kg_.avi"
"Freeze_001","007735",0,0,0,NA,NA,NA,NA,NA,NA,NA,NA,NA,NA,NA,NA,NA,NA,NA,NA,NA,"007735_B6NJ_M_80mg-kg_.avi"
"Freeze_001","007736",9.06666666666667,1.4,0,NA,NA,NA,NA,NA,NA,NA,NA,NA,NA,NA,NA,NA,NA,NA,NA,NA,"007736_B6NJ_M_80mg-kg_.avi"
"Freeze_001","007738",0,0,0,0,0,0,0,0,0,0,0,0,0,0,0,0,0,0,0,0,"007738_B6NJ_M_vehicle_.avi"
"Freeze_001","007740",0,0,0,0,0,0,0,0,0,0,0,0,0,0,0,0,0,0,0,0,"007740_B6NJ_M_vehicle_.avi"
"Freeze_001","007741",0,0,0,0,0,0,0,0,0,0,NA,NA,NA,NA,NA,NA,NA,NA,NA,NA,"007741_B6NJ_M_vehicle_.avi"
"Freeze_001","007742",0,0,0,0,NA,NA,NA,NA,NA,NA,NA,NA,NA,NA,NA,NA,NA,NA,NA,NA,"007655_B6J_F_60mg-kg PTZ"
"Freeze_001","037818",0,0,0,0,0,0,0,NA,NA,NA,NA,NA,NA,NA,NA,NA,NA,NA,NA,NA,"037818_B6NJ_F_38712.avi"
"Freeze_001","037819",0,7.16666666666667,24.7333333333333,21.7333333333333,6.43333333333333,0,NA,NA,NA,NA,NA,NA,NA,NA,NA,NA,NA,NA,NA,NA,"037819_B6NJ_F_38713.avi"
"Freeze_001","037820",0,25.1333333333333,28.4666666666667,19.4666666666667,13.8,3.16666666666667,0,NA,NA,NA,NA,NA,NA,NA,NA,NA,NA,NA,NA,NA,"037820_B6NJ_F_38714.avi"
"Freeze_001","037821",0,0,0,0,0,0,0,0,NA,NA,NA,NA,NA,NA,NA,NA,NA,NA,NA,NA,"037821_B6NJ_F_38715.avi"
"Freeze_001","037822",0,0,0,7,10.9666666666667,3.13333333333333,0,NA,NA,NA,NA,NA,NA,NA,NA,NA,NA,NA,NA,NA,"037822_B6NJ_F_38716.avi"
"Freeze_001","037823",0,0,20.5333333333333,4,8.66666666666667,12.7666666666667,0,NA,NA,NA,NA,NA,NA,NA,NA,NA,NA,NA,NA,NA,"037823_B6NJ_F_38717.avi"
"Freeze_001","037833",0,7.56666666666667,27.1666666666667,10.8333333333333,17.9333333333333,34.3,23.5666666666667,0,0,NA,NA,NA,NA,NA,NA,NA,NA,NA,NA,NA,"037833_B6J_M_38727.avi"
"Freeze_001","037834",0,5.63333333333333,20.1,10.0666666666667,35.7333333333333,5.53333333333333,0,NA,NA,NA,NA,NA,NA,NA,NA,NA,NA,NA,NA,NA,"037834_B6J_M_38728.avi"
"Freeze_001","037835",20.3333333333333,15.6666666666667,41.1666666666667,13.8666666666667,0,NA,NA,NA,NA,NA,NA,NA,NA,NA,NA,NA,NA,NA,NA,NA,"037835_B6J_M_38729.avi"
"Freeze_001","037836",0,0,0,0,0,0,0,0,NA,NA,NA,NA,NA,NA,NA,NA,NA,NA,NA,NA,"037836_B6J_M_38730.avi"
"Freeze_001","037837",38.6333333333333,31.8666666666667,54,31.8333333333333,3.6,0,NA,NA,NA,NA,NA,NA,NA,NA,NA,NA,NA,NA,NA,NA,"037837_B6J_M_38731.avi"
"Freeze_001","037838",7.4,12.2333333333333,27.7,32.1666666666667,19.6666666666667,0,0,NA,NA,NA,NA,NA,NA,NA,NA,NA,NA,NA,NA,NA,"037838_B6J_M_38732.avi"
"Freeze_001","037848",0,5.43333333333333,18.3666666666667,15.8333333333333,NA,NA,NA,NA,NA,NA,NA,NA,NA,NA,NA,NA,NA,NA,NA,NA,"037848_B6J_F_38742.avi"
"Freeze_001","037849",0,NA,NA,NA,NA,NA,NA,NA,NA,NA,NA,NA,NA,NA,NA,NA,NA,NA,NA,NA,"037849_B6J_F_38743.avi"
"Freeze_001","037939",0,5.43333333333333,25,25.1666666666667,15.2666666666667,28.4333333333333,0,NA,NA,NA,NA,NA,NA,NA,NA,NA,NA,NA,NA,NA,"037939_B6J_F_38833.avi"
"Freeze_001","037940",2.63333333333333,27.1333333333333,38.7333333333333,18.1666666666667,5.83333333333333,0,NA,NA,NA,NA,NA,NA,NA,NA,NA,NA,NA,NA,NA,NA,"037940_B6J_F_38834.avi"
"Freeze_001","037941",0,17.3,19.4333333333333,40.3333333333333,18.2666666666667,0,NA,NA,NA,NA,NA,NA,NA,NA,NA,NA,NA,NA,NA,NA,"037941_B6J_F_38835.avi"
"Freeze_001","037942",0,12.6,18.6,22.6,22.8333333333333,8.8,0,NA,NA,NA,NA,NA,NA,NA,NA,NA,NA,NA,NA,NA,"037942_B6J_F_38836.avi"
"Freeze_001","037949",0,0,9.8,3.56666666666667,0,0,NA,NA,NA,NA,NA,NA,NA,NA,NA,NA,NA,NA,NA,NA,"037949_B6NJ_M_38843.avi"
"Freeze_001","037950",0,14.7,12.7333333333333,13.9,21.4666666666667,0,NA,NA,NA,NA,NA,NA,NA,NA,NA,NA,NA,NA,NA,NA,"037950_B6NJ_M_38844.avi"
"Freeze_001","037951",0,0,13.3666666666667,17.7333333333333,10.4666666666667,3.3,0,NA,NA,NA,NA,NA,NA,NA,NA,NA,NA,NA,NA,NA,"037951_B6NJ_M_38845.avi"
"Freeze_001","037952",0,12.7333333333333,16.1333333333333,16.3333333333333,31.2666666666667,7.36666666666667,0,NA,NA,NA,NA,NA,NA,NA,NA,NA,NA,NA,NA,NA,"037952_B6NJ_M_38846.avi"
"Freeze_001","037953",0,0,0,0,0,0,0,0,NA,NA,NA,NA,NA,NA,NA,NA,NA,NA,NA,NA,"037953_B6NJ_M_38847.avi"
"Freeze_001","037954",0,0,3.16666666666667,0,12.4,0,0,0,NA,NA,NA,NA,NA,NA,NA,NA,NA,NA,NA,NA,"037954_B6NJ_M_38848.avi"
"Side_seizure","007647",0,0,0,0,0,0,0,0,0,0,0,0,0,0,0,NA,NA,NA,NA,NA,"007647_B6J_F_40mg-kg.avi"
"Side_seizure","007648",0,0,0,0,0,0,0,0,0,0,0,0,0,0,NA,NA,NA,NA,NA,NA,"007648_B6J_F_40mg-kg.avi"
"Side_seizure","007649",0,0,0,0,0,0,0,0,0,0,0,0,0,NA,NA,NA,NA,NA,NA,NA,"007649_B6J_F_40mg-kg.avi"
"Side_seizure","007650",0,0,0,0,0,0,0,0,0,0,0,0,0,NA,NA,NA,NA,NA,NA,NA,"007650_B6J_F_40mg-kg.avi"
"Side_seizure","007651",0,0,0,0,0,0,0,0,0,0,0,0,0,NA,NA,NA,NA,NA,NA,NA,"007651_B6J_F_40mg-kg.avi"
"Side_seizure","007652",0,0,0,0,0,0,0,0,0,0,0,0,0,NA,NA,NA,NA,NA,NA,NA,"007652_B6J_F_40mg-kg.avi"
"Side_seizure","007653",0,5.73333333333333,1.3,0,0,NA,NA,NA,NA,NA,NA,NA,NA,NA,NA,NA,NA,NA,NA,NA,"007653_B6J_F_60mg-kg.avi"
"Side_seizure","007654",0,0,7.13333333333333,0,NA,NA,NA,NA,NA,NA,NA,NA,NA,NA,NA,NA,NA,NA,NA,NA,"007654_B6J_F_60mg-kg.avi"
"Side_seizure","007656",0,4.8,0,0,NA,NA,NA,NA,NA,NA,NA,NA,NA,NA,NA,NA,NA,NA,NA,NA,"007656_B6J_F_60mg-kg.avi"
"Side_seizure","007657",0,5.56666666666667,0,0,NA,NA,NA,NA,NA,NA,NA,NA,NA,NA,NA,NA,NA,NA,NA,NA,"007657_B6J_F_60mg-kg.avi"
"Side_seizure","007658",0.633333333333333,0,0,0,0,NA,NA,NA,NA,NA,NA,NA,NA,NA,NA,NA,NA,NA,NA,NA,"007658_B6J_F_60mg-kg PTZ.avi"
"Side_seizure","007659",0.733333333333333,0,0.533333333333333,NA,NA,NA,NA,NA,NA,NA,NA,NA,NA,NA,NA,NA,NA,NA,NA,NA,"007659_B6J_F_80mg-kg_.avi"
"Side_seizure","007660",6.36666666666667,0,0,NA,NA,NA,NA,NA,NA,NA,NA,NA,NA,NA,NA,NA,NA,NA,NA,NA,"007660_B6J_F_80mg-kg_.avi"
"Side_seizure","007661",0,0,0,NA,NA,NA,NA,NA,NA,NA,NA,NA,NA,NA,NA,NA,NA,NA,NA,NA,"007661_B6J_F_80mg-kg_.avi"
"Side_seizure","007662",0,5.23333333333333,0,0,NA,NA,NA,NA,NA,NA,NA,NA,NA,NA,NA,NA,NA,NA,NA,NA,"007662_B6J_F_80mg-kg_called_7762.avi"
"Side_seizure","007663",3.76666666666667,0,0,NA,NA,NA,NA,NA,NA,NA,NA,NA,NA,NA,NA,NA,NA,NA,NA,NA,"007663_B6J_F_80mg-kg_called_7763.avi"
"Side_seizure","007664",0,1.33333333333333,0,NA,NA,NA,NA,NA,NA,NA,NA,NA,NA,NA,NA,NA,NA,NA,NA,NA,"007664_B6J_F_80mg-kg_called_7764.avi"
"Side_seizure","007665",0,0,0,0,0,0,0,0,0,NA,NA,NA,NA,NA,NA,NA,NA,NA,NA,NA,"007665_B6J_F_vehicle_.avi"
"Side_seizure","007666",0,0,0,0,0,0,0,0,0,NA,NA,NA,NA,NA,NA,NA,NA,NA,NA,NA,"007666_B6J_F_vehicle_.avi"
"Side_seizure","007667",0,0,0,0,0,0,0,0,0,0,0,0,0,NA,NA,NA,NA,NA,NA,NA,"007667_B6J_F_vehicle_.avi"
"Side_seizure","007668",0,0,0,0,0,0,0,0,0,0,0,0,NA,NA,NA,NA,NA,NA,NA,NA,"007668_B6J_F_vehicle_.avi"
"Side_seizure","007669",0,0,0,0,0,0,0,0,0,0,0,NA,NA,NA,NA,NA,NA,NA,NA,NA,"007669_B6J_F_vehicle_.avi"
"Side_seizure","007670",0,0,0,0,0,0,0,0,0,0,NA,NA,NA,NA,NA,NA,NA,NA,NA,NA,"007670_B6J_F_vehicle_.avi"
"Side_seizure","007671",0,0,0,0,0,0,0,0,0,0,0,0,0,0,0,0,0,0,0,0,"007671_B6J_M_40mg-kg_.avi"
"Side_seizure","007672",0,0,0,0,0,0,0,0,0,0,0.633333333333333,0,0,0,0,0,0,0,0,0,"007672_B6J_M_40mg-kg_.avi"
"Side_seizure","007673",0,0,0,0,0,0,0,0,0,0,0,0,NA,NA,NA,NA,NA,NA,NA,NA,"007673_B6J_M_40mg-kg_.avi"
"Side_seizure","007674",0,0,0,0,0,0,0,0,0,0,NA,NA,NA,NA,NA,NA,NA,NA,NA,NA,"007674_B6J_M_40mg-kg_.avi"
"Side_seizure","007675",0,0,0,0,0,0,16.7333333333333,0,0,0,NA,NA,NA,NA,NA,NA,NA,NA,NA,NA,"007675 B6J M 40mg-kg NV5_2022-03-22_11-01-39.avi"
"Side_seizure","007676",0,0,0,0,0,0,0,0,0,0,NA,NA,NA,NA,NA,NA,NA,NA,NA,NA,"007676 B6J M 40 mg-kgNV10 or NV11 video_recording_2022-03-22_11-03-40.avi"
"Side_seizure","007677",0,0,1.26666666666667,1.43333333333333,0,NA,NA,NA,NA,NA,NA,NA,NA,NA,NA,NA,NA,NA,NA,NA,"007677_B6J_M_60mg-kg_.avi"
"Side_seizure","007679",0,0,8.1,NA,NA,NA,NA,NA,NA,NA,NA,NA,NA,NA,NA,NA,NA,NA,NA,NA,"007679_B6J_M_60mg-kg_.avi"
"Side_seizure","007680",0,0,0.7,0,0,0,0,0,NA,NA,NA,NA,NA,NA,NA,NA,NA,NA,NA,NA,"007680_B6J_M_60mg-kg_.avi"
"Side_seizure","007681",1.06666666666667,0,0,0,0,0,10.4,1.4,NA,NA,NA,NA,NA,NA,NA,NA,NA,NA,NA,NA,"007681_B6J_M_60mg-kg_.avi"
"Side_seizure","007682",0,8.6,1.43333333333333,0,NA,NA,NA,NA,NA,NA,NA,NA,NA,NA,NA,NA,NA,NA,NA,NA,"007682_B6J_M_60mg-kg_.avi"
"Side_seizure","007683",4.3,0,NA,NA,NA,NA,NA,NA,NA,NA,NA,NA,NA,NA,NA,NA,NA,NA,NA,NA,"007683_B6J_M_80mg-kg_.avi"
"Side_seizure","007684",3.06666666666667,3.93333333333333,NA,NA,NA,NA,NA,NA,NA,NA,NA,NA,NA,NA,NA,NA,NA,NA,NA,NA,"007684 B6J_M_80mg-kg video_recording_NV10 or NV11 041222.avi"
"Side_seizure","007685",3.73333333333333,0,NA,NA,NA,NA,NA,NA,NA,NA,NA,NA,NA,NA,NA,NA,NA,NA,NA,NA,"007685_B6J_M_80mg-kg_.avi"
"Side_seizure","007686",0,0,0,NA,NA,NA,NA,NA,NA,NA,NA,NA,NA,NA,NA,NA,NA,NA,NA,NA,"007686_B6J_M_80mg-kg_.avi"
"Side_seizure","007687",6.56666666666667,0,NA,NA,NA,NA,NA,NA,NA,NA,NA,NA,NA,NA,NA,NA,NA,NA,NA,NA,"007687_B6J_M_80mg-kg_.avi"
"Side_seizure","007688",8.83333333333333,0,0,NA,NA,NA,NA,NA,NA,NA,NA,NA,NA,NA,NA,NA,NA,NA,NA,NA,"007688_B6J_M_80mg-kg_.avi"
"Side_seizure","007689",1.16666666666667,NA,NA,NA,NA,NA,NA,NA,NA,NA,NA,NA,NA,NA,NA,NA,NA,NA,NA,NA,"007689_B6J_M_vehicle_.avi"
"Side_seizure","007690",0,NA,NA,NA,NA,NA,NA,NA,NA,NA,NA,NA,NA,NA,NA,NA,NA,NA,NA,NA,"007690_B6J_M_vehicle_.avi"
"Side_seizure","007691",0,0.5,0,0,0,0,0,0,0,0,0,1.03333333333333,0,0,0,0,0,0,0,0,"007691_B6J_M_vehicle_.avi"
"Side_seizure","007692",0,0,0,0,0.5,0,0,0,0,0,0,0,0,0,0,0,0,0,0,0,"007692_B6J_M_vehicle_.avi"
"Side_seizure","007693",0.5,0,0,0,0,0,0.5,0,0,2.76666666666667,0,0,0,0,0,NA,NA,NA,NA,NA,"007693_B6J_M_vehicle_.avi"
"Side_seizure","007694",0,0,0,0,0,0,0,0,0.833333333333333,0,0,0,0,0,NA,NA,NA,NA,NA,NA,"007694_B6J_M_vehicle_.avi"
"Side_seizure","007695",0,0,0,0,0,0,0,0,0,0,0,0,NA,NA,NA,NA,NA,NA,NA,NA,"007695_B6NJ_F_40mg-kg_called B6J.avi"
"Side_seizure","007696",0,0,0,0,0,0,0,0,0,0,0,0,0,0,NA,NA,NA,NA,NA,NA,"007696_B6NJ_F_40mg-kg_called B6J.avi"
"Side_seizure","007697",0,0,0,0,0,0,0,0,0,0,0,0,0,NA,NA,NA,NA,NA,NA,NA,"007697_B6NJ_F_40mg-kg_called B6J.avi"
"Side_seizure","007698",0,0,0,0,0,0,0,0,0,0,0,0,0,NA,NA,NA,NA,NA,NA,NA,"007698_B6NJ_F_40mg-kg_called B6J.avi"
"Side_seizure","007699",0,0,0,2.7,0,0,0,0,0,0,0,0,0,0,NA,NA,NA,NA,NA,NA,"007699_B6NJ_F_40mg-kg_called B6J.avi"
"Side_seizure","007700",0,0,0,0,0,0,0,0,8.16666666666667,0,0,NA,NA,NA,NA,NA,NA,NA,NA,NA,"007700_B6NJ_F_40mg-kg_called B6J.avi"
"Side_seizure","007701",0,4,0,0,NA,NA,NA,NA,NA,NA,NA,NA,NA,NA,NA,NA,NA,NA,NA,NA,"007701_B6NJ_F_60mg_kg_.avi"
"Side_seizure","007702",4.2,0,0,NA,NA,NA,NA,NA,NA,NA,NA,NA,NA,NA,NA,NA,NA,NA,NA,NA,"007702_B6NJ_F_60mg_kg_.avi"
"Side_seizure","007703",0,0,4.43333333333333,0,0,NA,NA,NA,NA,NA,NA,NA,NA,NA,NA,NA,NA,NA,NA,NA,"007703_B6NJ_F_60mg_kg_.avi"
"Side_seizure","007704",0,0,0.833333333333333,0,0,0,0,5.43333333333333,0,0,NA,NA,NA,NA,NA,NA,NA,NA,NA,NA,"007704_B6NJ_F_60mg-kg_.avi"
"Side_seizure","007705",0,0,0,0,0,NA,NA,NA,NA,NA,NA,NA,NA,NA,NA,NA,NA,NA,NA,NA,"007705_B6NJ_F_60mg-kg_.avi"
"Side_seizure","007706",0,5.43333333333333,0,NA,NA,NA,NA,NA,NA,NA,NA,NA,NA,NA,NA,NA,NA,NA,NA,NA,"007706_B6NJ_F_80mg-kg_.avi"
"Side_seizure","007707",0,0,0,NA,NA,NA,NA,NA,NA,NA,NA,NA,NA,NA,NA,NA,NA,NA,NA,NA,"007707_B6NJ_F_80mg-kg_.avi"
"Side_seizure","007708",0,0,0,0,0,0,NA,NA,NA,NA,NA,NA,NA,NA,NA,NA,NA,NA,NA,NA,"007708_B6NJ_F_80mg-kg_.avi"
"Side_seizure","007709",5.1,0,0,NA,NA,NA,NA,NA,NA,NA,NA,NA,NA,NA,NA,NA,NA,NA,NA,NA,"007709_B6NJ_F_80mg-kg_.avi"
"Side_seizure","007710",0,0,0,NA,NA,NA,NA,NA,NA,NA,NA,NA,NA,NA,NA,NA,NA,NA,NA,NA,"007710_B6NJ_F_80mg-kg_.avi"
"Side_seizure","007711",2.06666666666667,2.4,NA,NA,NA,NA,NA,NA,NA,NA,NA,NA,NA,NA,NA,NA,NA,NA,NA,NA,"007711_B6NJ_F_80mg-kg_.avi"
"Side_seizure","007713",0,NA,NA,NA,NA,NA,NA,NA,NA,NA,NA,NA,NA,NA,NA,NA,NA,NA,NA,NA,"007713_B6NJ_F_vehicle_.avi"
"Side_seizure","007714",0,0,NA,NA,NA,NA,NA,NA,NA,NA,NA,NA,NA,NA,NA,NA,NA,NA,NA,NA,"007714_B6NJ_F_vehicle_.avi"
"Side_seizure","007715",0,0,0,0,0,0,0,0,0,0,0,0,0,0,NA,NA,NA,NA,NA,NA,"007715_B6NJ_F_vehicle_.avi"
"Side_seizure","007716",0,0,0,0,0,0,0,0,0,0,0,0,NA,NA,NA,NA,NA,NA,NA,NA,"007716_B6NJ_F_vehicle_.avi"
"Side_seizure","007717",0,0,0,0,0,0,0,0,0,0,0,0,0,0,0,NA,NA,NA,NA,NA,"007717_B6NJ_F_vehicle_.avi"
"Side_seizure","007718",0,0,0,0,0,0,0,0,0,0,0,0,0,0,0,0,NA,NA,NA,NA,"007718_B6NJ_F_vehicle_.avi"
"Side_seizure","007720",0,1.6,0,NA,NA,NA,NA,NA,NA,NA,NA,NA,NA,NA,NA,NA,NA,NA,NA,NA,"007720 B6NJ M 40 mg-kg NV9_2022-03-22_11-03-10.avi"
"Side_seizure","007723",0,0.733333333333333,0,0.566666666666667,1.96666666666667,NA,NA,NA,NA,NA,NA,NA,NA,NA,NA,NA,NA,NA,NA,NA,"007723 B6NJ M 40 mg-kg NV9_2022-03-22_12-00-00 maybe part 2.avi"
"Side_seizure","007725",0,0,NA,NA,NA,NA,NA,NA,NA,NA,NA,NA,NA,NA,NA,NA,NA,NA,NA,NA,"007725_B6NJ_M_60mg-kg_.avi"
"Side_seizure","007726",0.766666666666667,0,NA,NA,NA,NA,NA,NA,NA,NA,NA,NA,NA,NA,NA,NA,NA,NA,NA,NA,"007726_B6NJ_M_60mg-kg_.avi"
"Side_seizure","007727",2.7,0,NA,NA,NA,NA,NA,NA,NA,NA,NA,NA,NA,NA,NA,NA,NA,NA,NA,NA,"007727_B6NJ_M_60mg-kg_.avi"
"Side_seizure","007729",4.53333333333333,1.1,0,NA,NA,NA,NA,NA,NA,NA,NA,NA,NA,NA,NA,NA,NA,NA,NA,NA,"007729_B6NJ_M_60mg-kg_.avi"
"Side_seizure","007730",0.533333333333333,0,NA,NA,NA,NA,NA,NA,NA,NA,NA,NA,NA,NA,NA,NA,NA,NA,NA,NA,"007730_B6NJ_M_60mg-kg_.avi"
"Side_seizure","007731",3.33333333333333,0,NA,NA,NA,NA,NA,NA,NA,NA,NA,NA,NA,NA,NA,NA,NA,NA,NA,NA,"007731_B6NJ_M_80mg-kg_called 7631.avi"
"Side_seizure","007732",6.86666666666667,0,0,NA,NA,NA,NA,NA,NA,NA,NA,NA,NA,NA,NA,NA,NA,NA,NA,NA,"007732_B6NJ_M_80mg-kg_.avi"
"Side_seizure","007733",0,0,NA,NA,NA,NA,NA,NA,NA,NA,NA,NA,NA,NA,NA,NA,NA,NA,NA,NA,"007733_B6NJ_M_80mg-kg_.avi"
"Side_seizure","007735",8.23333333333333,0,0,NA,NA,NA,NA,NA,NA,NA,NA,NA,NA,NA,NA,NA,NA,NA,NA,NA,"007735_B6NJ_M_80mg-kg_.avi"
"Side_seizure","007736",3.13333333333333,0,0,NA,NA,NA,NA,NA,NA,NA,NA,NA,NA,NA,NA,NA,NA,NA,NA,NA,"007736_B6NJ_M_80mg-kg_.avi"
"Side_seizure","007738",0,0.8,0,0,0,0,0,0,0,0,0,0,0,0.5,0.633333333333333,0,0,0,0,0,"007738_B6NJ_M_vehicle_.avi"
"Side_seizure","007740",0,0,0,0,0,0,0,0,0,0,0,0,0,0,0,0,0,0,0,0,"007740_B6NJ_M_vehicle_.avi"
"Side_seizure","007741",0.533333333333333,0,1.06666666666667,1.76666666666667,3,1.93333333333333,0,0.5,0,0,NA,NA,NA,NA,NA,NA,NA,NA,NA,NA,"007741_B6NJ_M_vehicle_.avi"
"Side_seizure","007742",0,0,0,0,NA,NA,NA,NA,NA,NA,NA,NA,NA,NA,NA,NA,NA,NA,NA,NA,"007655_B6J_F_60mg-kg PTZ"
"Side_seizure","037818",0,0,0,0,0,0,0,NA,NA,NA,NA,NA,NA,NA,NA,NA,NA,NA,NA,NA,"037818_B6NJ_F_38712.avi"
"Side_seizure","037819",0,0,0,0.6,0,0,NA,NA,NA,NA,NA,NA,NA,NA,NA,NA,NA,NA,NA,NA,"037819_B6NJ_F_38713.avi"
"Side_seizure","037820",0,0.533333333333333,0,0,0,0,0,NA,NA,NA,NA,NA,NA,NA,NA,NA,NA,NA,NA,NA,"037820_B6NJ_F_38714.avi"
"Side_seizure","037821",0,0,0,0,0,0,0,0,NA,NA,NA,NA,NA,NA,NA,NA,NA,NA,NA,NA,"037821_B6NJ_F_38715.avi"
"Side_seizure","037822",0,0,0,0,0,0,0,NA,NA,NA,NA,NA,NA,NA,NA,NA,NA,NA,NA,NA,"037822_B6NJ_F_38716.avi"
"Side_seizure","037823",0,0,0,0.533333333333333,0,0,0,NA,NA,NA,NA,NA,NA,NA,NA,NA,NA,NA,NA,NA,"037823_B6NJ_F_38717.avi"
"Side_seizure","037833",0,0,0,0,0,0,0,0,0,NA,NA,NA,NA,NA,NA,NA,NA,NA,NA,NA,"037833_B6J_M_38727.avi"
"Side_seizure","037834",0,0,0,0,0,0,0,NA,NA,NA,NA,NA,NA,NA,NA,NA,NA,NA,NA,NA,"037834_B6J_M_38728.avi"
"Side_seizure","037835",0,0,0,0,0,NA,NA,NA,NA,NA,NA,NA,NA,NA,NA,NA,NA,NA,NA,NA,"037835_B6J_M_38729.avi"
"Side_seizure","037836",0,0,0,0,0,0,0,0,NA,NA,NA,NA,NA,NA,NA,NA,NA,NA,NA,NA,"037836_B6J_M_38730.avi"
"Side_seizure","037837",0,0,0,0,0,0,NA,NA,NA,NA,NA,NA,NA,NA,NA,NA,NA,NA,NA,NA,"037837_B6J_M_38731.avi"
"Side_seizure","037838",0,0,0,0,0,0,0,NA,NA,NA,NA,NA,NA,NA,NA,NA,NA,NA,NA,NA,"037838_B6J_M_38732.avi"
"Side_seizure","037848",0,0,0,0,NA,NA,NA,NA,NA,NA,NA,NA,NA,NA,NA,NA,NA,NA,NA,NA,"037848_B6J_F_38742.avi"
"Side_seizure","037849",0,NA,NA,NA,NA,NA,NA,NA,NA,NA,NA,NA,NA,NA,NA,NA,NA,NA,NA,NA,"037849_B6J_F_38743.avi"
"Side_seizure","037939",0,0,0,0,0,0,0,NA,NA,NA,NA,NA,NA,NA,NA,NA,NA,NA,NA,NA,"037939_B6J_F_38833.avi"
"Side_seizure","037940",0,0,0,0,0,0,NA,NA,NA,NA,NA,NA,NA,NA,NA,NA,NA,NA,NA,NA,"037940_B6J_F_38834.avi"
"Side_seizure","037941",0,0,0,0,0,0,NA,NA,NA,NA,NA,NA,NA,NA,NA,NA,NA,NA,NA,NA,"037941_B6J_F_38835.avi"
"Side_seizure","037942",0,0,0,0,0,0,0,NA,NA,NA,NA,NA,NA,NA,NA,NA,NA,NA,NA,NA,"037942_B6J_F_38836.avi"
"Side_seizure","037949",0,0,0,0,0,0,NA,NA,NA,NA,NA,NA,NA,NA,NA,NA,NA,NA,NA,NA,"037949_B6NJ_M_38843.avi"
"Side_seizure","037950",0,0,0,0,0,0,NA,NA,NA,NA,NA,NA,NA,NA,NA,NA,NA,NA,NA,NA,"037950_B6NJ_M_38844.avi"
"Side_seizure","037951",0,0,0,0,0,0,0,NA,NA,NA,NA,NA,NA,NA,NA,NA,NA,NA,NA,NA,"037951_B6NJ_M_38845.avi"
"Side_seizure","037952",0,0,0,0,0,0,0,NA,NA,NA,NA,NA,NA,NA,NA,NA,NA,NA,NA,NA,"037952_B6NJ_M_38846.avi"
"Side_seizure","037953",0,0,0,0,0,0,0,0,NA,NA,NA,NA,NA,NA,NA,NA,NA,NA,NA,NA,"037953_B6NJ_M_38847.avi"
"Side_seizure","037954",0,0,0,0,0,0,0,0,NA,NA,NA,NA,NA,NA,NA,NA,NA,NA,NA,NA,"037954_B6NJ_M_38848.avi"
"Freeze_2cm","007647",28.2333333333333,48.9666666666667,56.9,49.8666666666667,56.3333333333333,57.9333333333333,57.8333333333333,59.1666666666667,50.8666666666667,39.9333333333333,41.3,49.8333333333333,54.4666666666667,18.2,0,NA,NA,NA,NA,NA,"007647_B6J_F_40mg-kg.avi"
"Freeze_2cm","007648",38.6333333333333,56.9666666666667,51.7333333333333,53.1333333333333,55.7,30.3333333333333,46,36.3333333333333,48.2666666666667,48.4333333333333,44.3333333333333,52.9666666666667,40,0,NA,NA,NA,NA,NA,NA,"007648_B6J_F_40mg-kg.avi"
"Freeze_2cm","007649",9.46666666666667,45.0333333333333,43.7,47.3666666666667,54.5,49.6666666666667,51.4333333333333,47.2,23.5333333333333,38.4333333333333,24.3666666666667,5.3,0,NA,NA,NA,NA,NA,NA,NA,"007649_B6J_F_40mg-kg.avi"
"Freeze_2cm","007650",41.3333333333333,57.5333333333333,58.5,55.7666666666667,36.7,48.6666666666667,44.6,49.6666666666667,18.2,38.0666666666667,34.0666666666667,8.8,0,NA,NA,NA,NA,NA,NA,NA,"007650_B6J_F_40mg-kg.avi"
"Freeze_2cm","007651",40,55.7,57.1,51.1,40.6333333333333,42.1333333333333,50.6333333333333,35.1333333333333,36.3333333333333,50.7,54,31.5333333333333,0,NA,NA,NA,NA,NA,NA,NA,"007651_B6J_F_40mg-kg.avi"
"Freeze_2cm","007652",26.6333333333333,53.9,58.2666666666667,57.8333333333333,55.5,57.9666666666667,59.6666666666667,47.6666666666667,57.5,51.3333333333333,55.8666666666667,9.56666666666667,0,NA,NA,NA,NA,NA,NA,NA,"007652_B6J_F_40mg-kg.avi"
"Freeze_2cm","007653",0,29.3,57.4333333333333,6.1,0,NA,NA,NA,NA,NA,NA,NA,NA,NA,NA,NA,NA,NA,NA,NA,"007653_B6J_F_60mg-kg.avi"
"Freeze_2cm","007654",0,16.3666666666667,14.5333333333333,0,NA,NA,NA,NA,NA,NA,NA,NA,NA,NA,NA,NA,NA,NA,NA,NA,"007654_B6J_F_60mg-kg.avi"
"Freeze_2cm","007656",10,8.13333333333333,34.3333333333333,0,NA,NA,NA,NA,NA,NA,NA,NA,NA,NA,NA,NA,NA,NA,NA,NA,"007656_B6J_F_60mg-kg.avi"
"Freeze_2cm","007657",0,7.93333333333333,7.46666666666667,0,NA,NA,NA,NA,NA,NA,NA,NA,NA,NA,NA,NA,NA,NA,NA,NA,"007657_B6J_F_60mg-kg.avi"
"Freeze_2cm","007658",6.86666666666667,3.23333333333333,20.3,15.2666666666667,0,NA,NA,NA,NA,NA,NA,NA,NA,NA,NA,NA,NA,NA,NA,NA,"007658_B6J_F_60mg-kg PTZ.avi"
"Freeze_2cm","007659",11.8333333333333,4.53333333333333,0,NA,NA,NA,NA,NA,NA,NA,NA,NA,NA,NA,NA,NA,NA,NA,NA,NA,"007659_B6J_F_80mg-kg_.avi"
"Freeze_2cm","007660",20.4,47.1333333333333,0,NA,NA,NA,NA,NA,NA,NA,NA,NA,NA,NA,NA,NA,NA,NA,NA,NA,"007660_B6J_F_80mg-kg_.avi"
"Freeze_2cm","007661",22.6,17.3,0,NA,NA,NA,NA,NA,NA,NA,NA,NA,NA,NA,NA,NA,NA,NA,NA,NA,"007661_B6J_F_80mg-kg_.avi"
"Freeze_2cm","007662",0,16.6666666666667,0,0,NA,NA,NA,NA,NA,NA,NA,NA,NA,NA,NA,NA,NA,NA,NA,NA,"007662_B6J_F_80mg-kg_called_7762.avi"
"Freeze_2cm","007663",19.4666666666667,7.3,0,NA,NA,NA,NA,NA,NA,NA,NA,NA,NA,NA,NA,NA,NA,NA,NA,NA,"007663_B6J_F_80mg-kg_called_7763.avi"
"Freeze_2cm","007664",15,8.26666666666667,0,NA,NA,NA,NA,NA,NA,NA,NA,NA,NA,NA,NA,NA,NA,NA,NA,NA,"007664_B6J_F_80mg-kg_called_7764.avi"
"Freeze_2cm","007665",0,0,0,0,0,3,0,0,0,NA,NA,NA,NA,NA,NA,NA,NA,NA,NA,NA,"007665_B6J_F_vehicle_.avi"
"Freeze_2cm","007666",0,0,0,0,0,0,0,0,0,NA,NA,NA,NA,NA,NA,NA,NA,NA,NA,NA,"007666_B6J_F_vehicle_.avi"
"Freeze_2cm","007667",0,0,0,0,4.26666666666667,0,0,0,0,0,0,0,0,NA,NA,NA,NA,NA,NA,NA,"007667_B6J_F_vehicle_.avi"
"Freeze_2cm","007668",0,0,0,0,0,0,0,0,3.9,0,0,0,NA,NA,NA,NA,NA,NA,NA,NA,"007668_B6J_F_vehicle_.avi"
"Freeze_2cm","007669",0,3.53333333333333,0,0,0,0,0,10.6333333333333,0,0,0,NA,NA,NA,NA,NA,NA,NA,NA,NA,"007669_B6J_F_vehicle_.avi"
"Freeze_2cm","007670",0,13.9333333333333,0.733333333333333,0,0,0,0,0,0,0,NA,NA,NA,NA,NA,NA,NA,NA,NA,NA,"007670_B6J_F_vehicle_.avi"
"Freeze_2cm","007671",21.2666666666667,19.0666666666667,42.3666666666667,59.6666666666667,43.3333333333333,35.3,48.4,56.3,58.9,33.1333333333333,54.7666666666667,43.4333333333333,49.2333333333333,45.9,39.4333333333333,55.1333333333333,57.5666666666667,54.6,58.5666666666667,57.9333333333333,"007671_B6J_M_40mg-kg_.avi"
"Freeze_2cm","007672",29.7333333333333,58.4,59.8333333333333,56.1666666666667,53.6666666666667,52.4,55.5666666666667,59,29.5666666666667,57.3333333333333,44.4666666666667,13.6666666666667,48.9,47.2,40.2666666666667,46.6,56.3,56.1333333333333,40.3,0,"007672_B6J_M_40mg-kg_.avi"
"Freeze_2cm","007673",40.6333333333333,47.1666666666667,59.4333333333333,58.5,60,59.6666666666667,59,59.8,49.3333333333333,53.5,19.1,0,NA,NA,NA,NA,NA,NA,NA,NA,"007673_B6J_M_40mg-kg_.avi"
"Freeze_2cm","007674",20.5,53.6333333333333,59.6333333333333,59.5666666666667,54.9,54.1666666666667,58.1666666666667,55.9666666666667,48.9333333333333,0,NA,NA,NA,NA,NA,NA,NA,NA,NA,NA,"007674_B6J_M_40mg-kg_.avi"
"Freeze_2cm","007675",23.1,35.8666666666667,12.3666666666667,19.0333333333333,48.5666666666667,42.2666666666667,35.0666666666667,59.6333333333333,39.6333333333333,0,NA,NA,NA,NA,NA,NA,NA,NA,NA,NA,"007675 B6J M 40mg-kg NV5_2022-03-22_11-01-39.avi"
"Freeze_2cm","007676",6.96666666666667,0,13.3666666666667,15.9333333333333,14.5333333333333,30.4,28.7,26.8333333333333,24.5,7.26666666666667,NA,NA,NA,NA,NA,NA,NA,NA,NA,NA,"007676 B6J M 40 mg-kgNV10 or NV11 video_recording_2022-03-22_11-03-40.avi"
"Freeze_2cm","007677",0,6.26666666666667,50.3333333333333,11.6,0,NA,NA,NA,NA,NA,NA,NA,NA,NA,NA,NA,NA,NA,NA,NA,"007677_B6J_M_60mg-kg_.avi"
"Freeze_2cm","007679",19.5666666666667,30.5666666666667,38.7666666666667,NA,NA,NA,NA,NA,NA,NA,NA,NA,NA,NA,NA,NA,NA,NA,NA,NA,"007679_B6J_M_60mg-kg_.avi"
"Freeze_2cm","007680",4.8,16.3,0,17.4666666666667,52.7,36.1666666666667,19.6666666666667,0,NA,NA,NA,NA,NA,NA,NA,NA,NA,NA,NA,NA,"007680_B6J_M_60mg-kg_.avi"
"Freeze_2cm","007681",11.4,19.8,52.1,45.2666666666667,29.6,52.2666666666667,41.9666666666667,4.63333333333333,NA,NA,NA,NA,NA,NA,NA,NA,NA,NA,NA,NA,"007681_B6J_M_60mg-kg_.avi"
"Freeze_2cm","007682",17.5666666666667,22.6666666666667,0,0,NA,NA,NA,NA,NA,NA,NA,NA,NA,NA,NA,NA,NA,NA,NA,NA,"007682_B6J_M_60mg-kg_.avi"
"Freeze_2cm","007683",4.6,0,NA,NA,NA,NA,NA,NA,NA,NA,NA,NA,NA,NA,NA,NA,NA,NA,NA,NA,"007683_B6J_M_80mg-kg_.avi"
"Freeze_2cm","007684",11.7666666666667,0,NA,NA,NA,NA,NA,NA,NA,NA,NA,NA,NA,NA,NA,NA,NA,NA,NA,NA,"007684 B6J_M_80mg-kg video_recording_NV10 or NV11 041222.avi"
"Freeze_2cm","007685",6.63333333333333,0,NA,NA,NA,NA,NA,NA,NA,NA,NA,NA,NA,NA,NA,NA,NA,NA,NA,NA,"007685_B6J_M_80mg-kg_.avi"
"Freeze_2cm","007686",19.0666666666667,27.0666666666667,0,NA,NA,NA,NA,NA,NA,NA,NA,NA,NA,NA,NA,NA,NA,NA,NA,NA,"007686_B6J_M_80mg-kg_.avi"
"Freeze_2cm","007687",0,0,NA,NA,NA,NA,NA,NA,NA,NA,NA,NA,NA,NA,NA,NA,NA,NA,NA,NA,"007687_B6J_M_80mg-kg_.avi"
"Freeze_2cm","007688",12.3666666666667,45.3333333333333,0,NA,NA,NA,NA,NA,NA,NA,NA,NA,NA,NA,NA,NA,NA,NA,NA,NA,"007688_B6J_M_80mg-kg_.avi"
"Freeze_2cm","007689",0,NA,NA,NA,NA,NA,NA,NA,NA,NA,NA,NA,NA,NA,NA,NA,NA,NA,NA,NA,"007689_B6J_M_vehicle_.avi"
"Freeze_2cm","007690",4.8,NA,NA,NA,NA,NA,NA,NA,NA,NA,NA,NA,NA,NA,NA,NA,NA,NA,NA,NA,"007690_B6J_M_vehicle_.avi"
"Freeze_2cm","007691",3.6,0,0,0,0,0,0,0,0,0,0,3.7,0,0,0,0,0,0,0,0,"007691_B6J_M_vehicle_.avi"
"Freeze_2cm","007692",0,0,0,1.93333333333333,2.73333333333333,3,0,0,0,0,0,0,0,0,0,0,5.03333333333333,0,0,0,"007692_B6J_M_vehicle_.avi"
"Freeze_2cm","007693",0,0,3.06666666666667,0,0,0,0,0,0,3.4,0,0,0,0,0,NA,NA,NA,NA,NA,"007693_B6J_M_vehicle_.avi"
"Freeze_2cm","007694",0,3,0,0,0,0,0,0,0,0,0,0,0,0,NA,NA,NA,NA,NA,NA,"007694_B6J_M_vehicle_.avi"
"Freeze_2cm","007695",44.9333333333333,43.8,36.9333333333333,27.4,47.2666666666667,44.0333333333333,35.6333333333333,51.8666666666667,51.7,17.8,0,0,NA,NA,NA,NA,NA,NA,NA,NA,"007695_B6NJ_F_40mg-kg_called B6J.avi"
"Freeze_2cm","007696",0,16.6333333333333,47.3,53.3,53.1,34.4666666666667,16.1,20.6666666666667,6.4,4.63333333333333,12.6,1.3,6.66666666666667,12.6,NA,NA,NA,NA,NA,NA,"007696_B6NJ_F_40mg-kg_called B6J.avi"
"Freeze_2cm","007697",14.1,52.9666666666667,52.8,55.2,31.9333333333333,25.3,21.2333333333333,31.9666666666667,26.1666666666667,9.03333333333333,8.56666666666667,6.36666666666667,0,NA,NA,NA,NA,NA,NA,NA,"007697_B6NJ_F_40mg-kg_called B6J.avi"
"Freeze_2cm","007698",0,13.8,21.5,32.5,25.7333333333333,47.7,41.5,29.6,29.6,32.9333333333333,11.7666666666667,0,0,NA,NA,NA,NA,NA,NA,NA,"007698_B6NJ_F_40mg-kg_called B6J.avi"
"Freeze_2cm","007699",0,31.3,50.2666666666667,42.3,50.1666666666667,42.2,31.9,29.5,39.1333333333333,43.8666666666667,39.2,20.7,2.66666666666667,0,NA,NA,NA,NA,NA,NA,"007699_B6NJ_F_40mg-kg_called B6J.avi"
"Freeze_2cm","007700",6.7,13.3,18.6666666666667,35.0333333333333,6.96666666666667,19.0333333333333,10.5666666666667,9,8.63333333333333,24.6666666666667,0,NA,NA,NA,NA,NA,NA,NA,NA,NA,"007700_B6NJ_F_40mg-kg_called B6J.avi"
"Freeze_2cm","007701",3.63333333333333,23.2333333333333,0.466666666666667,0,NA,NA,NA,NA,NA,NA,NA,NA,NA,NA,NA,NA,NA,NA,NA,NA,"007701_B6NJ_F_60mg_kg_.avi"
"Freeze_2cm","007702",3.6,23.5,0,NA,NA,NA,NA,NA,NA,NA,NA,NA,NA,NA,NA,NA,NA,NA,NA,NA,"007702_B6NJ_F_60mg_kg_.avi"
"Freeze_2cm","007703",0,0,23.4666666666667,25.3666666666667,0,NA,NA,NA,NA,NA,NA,NA,NA,NA,NA,NA,NA,NA,NA,NA,"007703_B6NJ_F_60mg_kg_.avi"
"Freeze_2cm","007704",0,0,0,28.4333333333333,0,0,0,5.96666666666667,16.6,0,NA,NA,NA,NA,NA,NA,NA,NA,NA,NA,"007704_B6NJ_F_60mg-kg_.avi"
"Freeze_2cm","007705",0,9.06666666666667,25.0666666666667,27.8333333333333,0,NA,NA,NA,NA,NA,NA,NA,NA,NA,NA,NA,NA,NA,NA,NA,"007705_B6NJ_F_60mg-kg_.avi"
"Freeze_2cm","007706",3.3,0,0,NA,NA,NA,NA,NA,NA,NA,NA,NA,NA,NA,NA,NA,NA,NA,NA,NA,"007706_B6NJ_F_80mg-kg_.avi"
"Freeze_2cm","007707",21.4333333333333,7.23333333333333,0,NA,NA,NA,NA,NA,NA,NA,NA,NA,NA,NA,NA,NA,NA,NA,NA,NA,"007707_B6NJ_F_80mg-kg_.avi"
"Freeze_2cm","007708",0,29.9666666666667,40.9,35.9333333333333,0,0,NA,NA,NA,NA,NA,NA,NA,NA,NA,NA,NA,NA,NA,NA,"007708_B6NJ_F_80mg-kg_.avi"
"Freeze_2cm","007709",0,25.6333333333333,0,NA,NA,NA,NA,NA,NA,NA,NA,NA,NA,NA,NA,NA,NA,NA,NA,NA,"007709_B6NJ_F_80mg-kg_.avi"
"Freeze_2cm","007710",26.3666666666667,30.7,0,NA,NA,NA,NA,NA,NA,NA,NA,NA,NA,NA,NA,NA,NA,NA,NA,NA,"007710_B6NJ_F_80mg-kg_.avi"
"Freeze_2cm","007711",1.76666666666667,8.13333333333333,NA,NA,NA,NA,NA,NA,NA,NA,NA,NA,NA,NA,NA,NA,NA,NA,NA,NA,"007711_B6NJ_F_80mg-kg_.avi"
"Freeze_2cm","007713",0,NA,NA,NA,NA,NA,NA,NA,NA,NA,NA,NA,NA,NA,NA,NA,NA,NA,NA,NA,"007713_B6NJ_F_vehicle_.avi"
"Freeze_2cm","007714",7.06666666666667,4.66666666666667,NA,NA,NA,NA,NA,NA,NA,NA,NA,NA,NA,NA,NA,NA,NA,NA,NA,NA,"007714_B6NJ_F_vehicle_.avi"
"Freeze_2cm","007715",0,0,7.76666666666667,0,0,0,0,7.43333333333333,0,4.8,0,0,6.3,0,NA,NA,NA,NA,NA,NA,"007715_B6NJ_F_vehicle_.avi"
"Freeze_2cm","007716",0,0,0,0,0,0,0,0,0,0,0,0,NA,NA,NA,NA,NA,NA,NA,NA,"007716_B6NJ_F_vehicle_.avi"
"Freeze_2cm","007717",0,0,0,0,0,0,0,4.06666666666667,0,0,0,29.1333333333333,3.16666666666667,3.03333333333333,0,NA,NA,NA,NA,NA,"007717_B6NJ_F_vehicle_.avi"
"Freeze_2cm","007718",0,0,0,0,6.9,12.2666666666667,7.03333333333333,0,0,15.3666666666667,0,0,0,0,0,0,NA,NA,NA,NA,"007718_B6NJ_F_vehicle_.avi"
"Freeze_2cm","007720",10.4,9.8,58.4333333333333,NA,NA,NA,NA,NA,NA,NA,NA,NA,NA,NA,NA,NA,NA,NA,NA,NA,"007720 B6NJ M 40 mg-kg NV9_2022-03-22_11-03-10.avi"
"Freeze_2cm","007723",5.96666666666667,51.5666666666667,60,50.7333333333333,33.3333333333333,NA,NA,NA,NA,NA,NA,NA,NA,NA,NA,NA,NA,NA,NA,NA,"007723 B6NJ M 40 mg-kg NV9_2022-03-22_12-00-00 maybe part 2.avi"
"Freeze_2cm","007725",7.4,0,NA,NA,NA,NA,NA,NA,NA,NA,NA,NA,NA,NA,NA,NA,NA,NA,NA,NA,"007725_B6NJ_M_60mg-kg_.avi"
"Freeze_2cm","007726",4.36666666666667,0,NA,NA,NA,NA,NA,NA,NA,NA,NA,NA,NA,NA,NA,NA,NA,NA,NA,NA,"007726_B6NJ_M_60mg-kg_.avi"
"Freeze_2cm","007727",3.2,19,NA,NA,NA,NA,NA,NA,NA,NA,NA,NA,NA,NA,NA,NA,NA,NA,NA,NA,"007727_B6NJ_M_60mg-kg_.avi"
"Freeze_2cm","007729",0,28.6333333333333,9.4,NA,NA,NA,NA,NA,NA,NA,NA,NA,NA,NA,NA,NA,NA,NA,NA,NA,"007729_B6NJ_M_60mg-kg_.avi"
"Freeze_2cm","007730",3.1,23.6666666666667,NA,NA,NA,NA,NA,NA,NA,NA,NA,NA,NA,NA,NA,NA,NA,NA,NA,NA,"007730_B6NJ_M_60mg-kg_.avi"
"Freeze_2cm","007731",0,0,NA,NA,NA,NA,NA,NA,NA,NA,NA,NA,NA,NA,NA,NA,NA,NA,NA,NA,"007731_B6NJ_M_80mg-kg_called 7631.avi"
"Freeze_2cm","007732",4,6.63333333333333,0,NA,NA,NA,NA,NA,NA,NA,NA,NA,NA,NA,NA,NA,NA,NA,NA,NA,"007732_B6NJ_M_80mg-kg_.avi"
"Freeze_2cm","007733",22.3333333333333,0,NA,NA,NA,NA,NA,NA,NA,NA,NA,NA,NA,NA,NA,NA,NA,NA,NA,NA,"007733_B6NJ_M_80mg-kg_.avi"
"Freeze_2cm","007735",7.83333333333333,0,0,NA,NA,NA,NA,NA,NA,NA,NA,NA,NA,NA,NA,NA,NA,NA,NA,NA,"007735_B6NJ_M_80mg-kg_.avi"
"Freeze_2cm","007736",20.5666666666667,1.4,0,NA,NA,NA,NA,NA,NA,NA,NA,NA,NA,NA,NA,NA,NA,NA,NA,NA,"007736_B6NJ_M_80mg-kg_.avi"
"Freeze_2cm","007738",0,8.7,0,0,0,0,0,8.16666666666667,0,0,0,0,0,0,1.96666666666667,1.46666666666667,0,0,1.03333333333333,5.63333333333333,"007738_B6NJ_M_vehicle_.avi"
"Freeze_2cm","007740",3.06666666666667,5.33333333333333,3.03333333333333,0,0,2.86666666666667,21.2333333333333,4.5,4.36666666666667,0,0,0,14.4333333333333,5.7,7.33333333333333,3.13333333333333,0,4.33333333333333,0,0,"007740_B6NJ_M_vehicle_.avi"
"Freeze_2cm","007741",0,0,0,0,0,0,0,0,0,0,NA,NA,NA,NA,NA,NA,NA,NA,NA,NA,"007741_B6NJ_M_vehicle_.avi"
"Freeze_2cm","007742",0,7.23333333333333,44.6333333333333,0,NA,NA,NA,NA,NA,NA,NA,NA,NA,NA,NA,NA,NA,NA,NA,NA,"007655_B6J_F_60mg-kg PTZ"
"Freeze_2cm","037818",0,0,0,0,0,0,0,NA,NA,NA,NA,NA,NA,NA,NA,NA,NA,NA,NA,NA,"037818_B6NJ_F_38712.avi"
"Freeze_2cm","037819",1.6,39.8666666666667,33.4666666666667,33.9,22.9333333333333,0,NA,NA,NA,NA,NA,NA,NA,NA,NA,NA,NA,NA,NA,NA,"037819_B6NJ_F_38713.avi"
"Freeze_2cm","037820",0,25.1333333333333,28.4666666666667,19.4666666666667,13.8,3.16666666666667,0,NA,NA,NA,NA,NA,NA,NA,NA,NA,NA,NA,NA,NA,"037820_B6NJ_F_38714.avi"
"Freeze_2cm","037821",0,0,0,0,3.93333333333333,0,0,0,NA,NA,NA,NA,NA,NA,NA,NA,NA,NA,NA,NA,"037821_B6NJ_F_38715.avi"
"Freeze_2cm","037822",0,0,0,7,10.9666666666667,3.13333333333333,0,NA,NA,NA,NA,NA,NA,NA,NA,NA,NA,NA,NA,NA,"037822_B6NJ_F_38716.avi"
"Freeze_2cm","037823",0,0,34.7666666666667,40.4333333333333,51.9333333333333,28.1333333333333,0,NA,NA,NA,NA,NA,NA,NA,NA,NA,NA,NA,NA,NA,"037823_B6NJ_F_38717.avi"
"Freeze_2cm","037833",0,22.4666666666667,59.6,53.2666666666667,53.3333333333333,49.6,37.7,0,0,NA,NA,NA,NA,NA,NA,NA,NA,NA,NA,NA,"037833_B6J_M_38727.avi"
"Freeze_2cm","037834",10.9,42.3666666666667,50.3,57.4333333333333,54.1,39.9,0,NA,NA,NA,NA,NA,NA,NA,NA,NA,NA,NA,NA,NA,"037834_B6J_M_38728.avi"
"Freeze_2cm","037835",26.6,36.8666666666667,59.3,38.3333333333333,0,NA,NA,NA,NA,NA,NA,NA,NA,NA,NA,NA,NA,NA,NA,NA,"037835_B6J_M_38729.avi"
"Freeze_2cm","037836",0,0,0,0,0,3.2,0,0,NA,NA,NA,NA,NA,NA,NA,NA,NA,NA,NA,NA,"037836_B6J_M_38730.avi"
"Freeze_2cm","037837",46.3666666666667,52.2666666666667,60,48.2333333333333,15.8666666666667,0,NA,NA,NA,NA,NA,NA,NA,NA,NA,NA,NA,NA,NA,NA,"037837_B6J_M_38731.avi"
"Freeze_2cm","037838",13.0666666666667,35.5666666666667,49.2333333333333,56.9333333333333,50.0333333333333,4.46666666666667,0,NA,NA,NA,NA,NA,NA,NA,NA,NA,NA,NA,NA,NA,"037838_B6J_M_38732.avi"
"Freeze_2cm","037848",15.8666666666667,35.9,59.6,54.9,NA,NA,NA,NA,NA,NA,NA,NA,NA,NA,NA,NA,NA,NA,NA,NA,"037848_B6J_F_38742.avi"
"Freeze_2cm","037849",0,NA,NA,NA,NA,NA,NA,NA,NA,NA,NA,NA,NA,NA,NA,NA,NA,NA,NA,NA,"037849_B6J_F_38743.avi"
"Freeze_2cm","037939",0,20.6333333333333,36.8333333333333,37.8666666666667,34,38.9333333333333,0,NA,NA,NA,NA,NA,NA,NA,NA,NA,NA,NA,NA,NA,"037939_B6J_F_38833.avi"
"Freeze_2cm","037940",6.06666666666667,38.2,51.2,50.7666666666667,7.33333333333333,0,NA,NA,NA,NA,NA,NA,NA,NA,NA,NA,NA,NA,NA,NA,"037940_B6J_F_38834.avi"
"Freeze_2cm","037941",0,44.9333333333333,41.1,55.0666666666667,43.1333333333333,0,NA,NA,NA,NA,NA,NA,NA,NA,NA,NA,NA,NA,NA,NA,"037941_B6J_F_38835.avi"
"Freeze_2cm","037942",0,40.7,49.2666666666667,45.9,37.7,30.0666666666667,0,NA,NA,NA,NA,NA,NA,NA,NA,NA,NA,NA,NA,NA,"037942_B6J_F_38836.avi"
"Freeze_2cm","037949",0,0,32.3666666666667,8.53333333333333,10.6333333333333,0,NA,NA,NA,NA,NA,NA,NA,NA,NA,NA,NA,NA,NA,NA,"037949_B6NJ_M_38843.avi"
"Freeze_2cm","037950",0,22.7666666666667,38.4333333333333,52.5,30.9666666666667,0,NA,NA,NA,NA,NA,NA,NA,NA,NA,NA,NA,NA,NA,NA,"037950_B6NJ_M_38844.avi"
"Freeze_2cm","037951",0,0,13.3666666666667,17.7333333333333,10.4666666666667,3.3,0,NA,NA,NA,NA,NA,NA,NA,NA,NA,NA,NA,NA,NA,"037951_B6NJ_M_38845.avi"
"Freeze_2cm","037952",0,32.0666666666667,40.5333333333333,52.5,55.2333333333333,19.6,0,NA,NA,NA,NA,NA,NA,NA,NA,NA,NA,NA,NA,NA,"037952_B6NJ_M_38846.avi"
"Freeze_2cm","037953",0,0,0,0,0,3.33333333333333,0,0,NA,NA,NA,NA,NA,NA,NA,NA,NA,NA,NA,NA,"037953_B6NJ_M_38847.avi"
"Freeze_2cm","037954",0,0,10.2666666666667,21.6,45.2333333333333,28.8333333333333,0,0,NA,NA,NA,NA,NA,NA,NA,NA,NA,NA,NA,NA,"037954_B6NJ_M_38848.avi"
"Tail_jerk","007647",0,0,0,0,0,0,0,0,0,0,0,0,0,0,0,NA,NA,NA,NA,NA,"007647_B6J_F_40mg-kg.avi"
"Tail_jerk","007648",0,0,0,0,0,0,0,0,0,0,0,0,0,0,NA,NA,NA,NA,NA,NA,"007648_B6J_F_40mg-kg.avi"
"Tail_jerk","007649",0,0,0,0,0,0,0,0,0,0,0,0,0,NA,NA,NA,NA,NA,NA,NA,"007649_B6J_F_40mg-kg.avi"
"Tail_jerk","007650",0,0,0,0,0,0,0,0,0,0,0,0,0,NA,NA,NA,NA,NA,NA,NA,"007650_B6J_F_40mg-kg.avi"
"Tail_jerk","007651",0,0,0,0,0,0,0,0,0,0,0,0,0,NA,NA,NA,NA,NA,NA,NA,"007651_B6J_F_40mg-kg.avi"
"Tail_jerk","007652",0,0,0,0,0,0,0,0,0,0,0,0,0,NA,NA,NA,NA,NA,NA,NA,"007652_B6J_F_40mg-kg.avi"
"Tail_jerk","007653",1.3,4.36666666666667,0.233333333333333,0,0,NA,NA,NA,NA,NA,NA,NA,NA,NA,NA,NA,NA,NA,NA,NA,"007653_B6J_F_60mg-kg.avi"
"Tail_jerk","007654",0.966666666666667,1.66666666666667,3.03333333333333,0,NA,NA,NA,NA,NA,NA,NA,NA,NA,NA,NA,NA,NA,NA,NA,NA,"007654_B6J_F_60mg-kg.avi"
"Tail_jerk","007656",0,1.6,0.366666666666667,0,NA,NA,NA,NA,NA,NA,NA,NA,NA,NA,NA,NA,NA,NA,NA,NA,"007656_B6J_F_60mg-kg.avi"
"Tail_jerk","007657",0,3.4,0,0,NA,NA,NA,NA,NA,NA,NA,NA,NA,NA,NA,NA,NA,NA,NA,NA,"007657_B6J_F_60mg-kg.avi"
"Tail_jerk","007658",0,0.2,1.53333333333333,1.53333333333333,0,NA,NA,NA,NA,NA,NA,NA,NA,NA,NA,NA,NA,NA,NA,NA,"007658_B6J_F_60mg-kg PTZ.avi"
"Tail_jerk","007659",3.36666666666667,0.366666666666667,0,NA,NA,NA,NA,NA,NA,NA,NA,NA,NA,NA,NA,NA,NA,NA,NA,NA,"007659_B6J_F_80mg-kg_.avi"
"Tail_jerk","007660",7.2,0,0,NA,NA,NA,NA,NA,NA,NA,NA,NA,NA,NA,NA,NA,NA,NA,NA,NA,"007660_B6J_F_80mg-kg_.avi"
"Tail_jerk","007661",1.33333333333333,2.3,0,NA,NA,NA,NA,NA,NA,NA,NA,NA,NA,NA,NA,NA,NA,NA,NA,NA,"007661_B6J_F_80mg-kg_.avi"
"Tail_jerk","007662",0,9.6,0,0,NA,NA,NA,NA,NA,NA,NA,NA,NA,NA,NA,NA,NA,NA,NA,NA,"007662_B6J_F_80mg-kg_called_7762.avi"
"Tail_jerk","007663",5.76666666666667,0,0,NA,NA,NA,NA,NA,NA,NA,NA,NA,NA,NA,NA,NA,NA,NA,NA,NA,"007663_B6J_F_80mg-kg_called_7763.avi"
"Tail_jerk","007664",0.666666666666667,0,0,NA,NA,NA,NA,NA,NA,NA,NA,NA,NA,NA,NA,NA,NA,NA,NA,NA,"007664_B6J_F_80mg-kg_called_7764.avi"
"Tail_jerk","007665",0,0,0,0,0,0,0,0,0,NA,NA,NA,NA,NA,NA,NA,NA,NA,NA,NA,"007665_B6J_F_vehicle_.avi"
"Tail_jerk","007666",0,0,0,0,0,0,0,0,0,NA,NA,NA,NA,NA,NA,NA,NA,NA,NA,NA,"007666_B6J_F_vehicle_.avi"
"Tail_jerk","007667",0,0,0,0,0,0,0,0,0,0,0,0,0,NA,NA,NA,NA,NA,NA,NA,"007667_B6J_F_vehicle_.avi"
"Tail_jerk","007668",0,0,0,0,0,0,0,0,0,0,0,0,NA,NA,NA,NA,NA,NA,NA,NA,"007668_B6J_F_vehicle_.avi"
"Tail_jerk","007669",0,0,0,0,0,0,0,0,0,0,0,NA,NA,NA,NA,NA,NA,NA,NA,NA,"007669_B6J_F_vehicle_.avi"
"Tail_jerk","007670",0,0,0,0,0,0,0,0,0,0,NA,NA,NA,NA,NA,NA,NA,NA,NA,NA,"007670_B6J_F_vehicle_.avi"
"Tail_jerk","007671",0,0,0,0,0,0,0,0,0,0,0,0,0,0,0,0,0,0,0,0,"007671_B6J_M_40mg-kg_.avi"
"Tail_jerk","007672",0,0,0,0,0,0,0,0,0,0,0,0,0,0,0,0,0,0,0,0,"007672_B6J_M_40mg-kg_.avi"
"Tail_jerk","007673",0,0,0,0,0,0,0,0,0,0,0,0,NA,NA,NA,NA,NA,NA,NA,NA,"007673_B6J_M_40mg-kg_.avi"
"Tail_jerk","007674",0,0,0,0,0,0,0,0,0,0,NA,NA,NA,NA,NA,NA,NA,NA,NA,NA,"007674_B6J_M_40mg-kg_.avi"
"Tail_jerk","007675",0,0,0,0.166666666666667,0,1.03333333333333,0.466666666666667,0,0,0,NA,NA,NA,NA,NA,NA,NA,NA,NA,NA,"007675 B6J M 40mg-kg NV5_2022-03-22_11-01-39.avi"
"Tail_jerk","007676",0,0,0,0,0,0,0,0,0,0,NA,NA,NA,NA,NA,NA,NA,NA,NA,NA,"007676 B6J M 40 mg-kgNV10 or NV11 video_recording_2022-03-22_11-03-40.avi"
"Tail_jerk","007677",0,1,2.96666666666667,6.8,0,NA,NA,NA,NA,NA,NA,NA,NA,NA,NA,NA,NA,NA,NA,NA,"007677_B6J_M_60mg-kg_.avi"
"Tail_jerk","007679",0,0.366666666666667,1.7,NA,NA,NA,NA,NA,NA,NA,NA,NA,NA,NA,NA,NA,NA,NA,NA,NA,"007679_B6J_M_60mg-kg_.avi"
"Tail_jerk","007680",0,0,0,0.4,2.16666666666667,4.06666666666667,4.36666666666667,0,NA,NA,NA,NA,NA,NA,NA,NA,NA,NA,NA,NA,"007680_B6J_M_60mg-kg_.avi"
"Tail_jerk","007681",0,0,0,0,0,0.3,4.5,4.86666666666667,NA,NA,NA,NA,NA,NA,NA,NA,NA,NA,NA,NA,"007681_B6J_M_60mg-kg_.avi"
"Tail_jerk","007682",1.76666666666667,9.23333333333333,0,0,NA,NA,NA,NA,NA,NA,NA,NA,NA,NA,NA,NA,NA,NA,NA,NA,"007682_B6J_M_60mg-kg_.avi"
"Tail_jerk","007683",2.13333333333333,0,NA,NA,NA,NA,NA,NA,NA,NA,NA,NA,NA,NA,NA,NA,NA,NA,NA,NA,"007683_B6J_M_80mg-kg_.avi"
"Tail_jerk","007684",4.23333333333333,3.16666666666667,NA,NA,NA,NA,NA,NA,NA,NA,NA,NA,NA,NA,NA,NA,NA,NA,NA,NA,"007684 B6J_M_80mg-kg video_recording_NV10 or NV11 041222.avi"
"Tail_jerk","007685",1.6,0.733333333333333,NA,NA,NA,NA,NA,NA,NA,NA,NA,NA,NA,NA,NA,NA,NA,NA,NA,NA,"007685_B6J_M_80mg-kg_.avi"
"Tail_jerk","007686",0.933333333333333,1.26666666666667,0,NA,NA,NA,NA,NA,NA,NA,NA,NA,NA,NA,NA,NA,NA,NA,NA,NA,"007686_B6J_M_80mg-kg_.avi"
"Tail_jerk","007687",7.1,0,NA,NA,NA,NA,NA,NA,NA,NA,NA,NA,NA,NA,NA,NA,NA,NA,NA,NA,"007687_B6J_M_80mg-kg_.avi"
"Tail_jerk","007688",3.33333333333333,0,0,NA,NA,NA,NA,NA,NA,NA,NA,NA,NA,NA,NA,NA,NA,NA,NA,NA,"007688_B6J_M_80mg-kg_.avi"
"Tail_jerk","007689",0,NA,NA,NA,NA,NA,NA,NA,NA,NA,NA,NA,NA,NA,NA,NA,NA,NA,NA,NA,"007689_B6J_M_vehicle_.avi"
"Tail_jerk","007690",0,NA,NA,NA,NA,NA,NA,NA,NA,NA,NA,NA,NA,NA,NA,NA,NA,NA,NA,NA,"007690_B6J_M_vehicle_.avi"
"Tail_jerk","007691",0,0,0,0,0,0,0,0,0,0,0,0,0,0,0,0,0,0,0,0,"007691_B6J_M_vehicle_.avi"
"Tail_jerk","007692",0,0,0,0,0,0,0,0,0,0,0,0,0,0,0,0,0,0,0,0,"007692_B6J_M_vehicle_.avi"
"Tail_jerk","007693",0,0,0,0,0,0,0,0,0,0,0,0,0,0,0,NA,NA,NA,NA,NA,"007693_B6J_M_vehicle_.avi"
"Tail_jerk","007694",0,0,0,0,0,0,0,0,0,0,0,0,0,0,NA,NA,NA,NA,NA,NA,"007694_B6J_M_vehicle_.avi"
"Tail_jerk","007695",0,0,0,0,0,0,0,0,0,0,0,0,NA,NA,NA,NA,NA,NA,NA,NA,"007695_B6NJ_F_40mg-kg_called B6J.avi"
"Tail_jerk","007696",0,0,0,0,0,0,0,0,0.166666666666667,0,0,0,0,0,NA,NA,NA,NA,NA,NA,"007696_B6NJ_F_40mg-kg_called B6J.avi"
"Tail_jerk","007697",0,0,0,0,0,0,0,0,0,0,0,0,0,NA,NA,NA,NA,NA,NA,NA,"007697_B6NJ_F_40mg-kg_called B6J.avi"
"Tail_jerk","007698",0,0,0,0,0,0,0,0,0,0,0,0,0,NA,NA,NA,NA,NA,NA,NA,"007698_B6NJ_F_40mg-kg_called B6J.avi"
"Tail_jerk","007699",0,0,0,0,0,0.166666666666667,0,0,0,0,0,0,0,0,NA,NA,NA,NA,NA,NA,"007699_B6NJ_F_40mg-kg_called B6J.avi"
"Tail_jerk","007700",0,0,0,0,0,0,0,0,0,0,0,NA,NA,NA,NA,NA,NA,NA,NA,NA,"007700_B6NJ_F_40mg-kg_called B6J.avi"
"Tail_jerk","007701",0,0.766666666666667,0,0,NA,NA,NA,NA,NA,NA,NA,NA,NA,NA,NA,NA,NA,NA,NA,NA,"007701_B6NJ_F_60mg_kg_.avi"
"Tail_jerk","007702",1.36666666666667,0,0,NA,NA,NA,NA,NA,NA,NA,NA,NA,NA,NA,NA,NA,NA,NA,NA,NA,"007702_B6NJ_F_60mg_kg_.avi"
"Tail_jerk","007703",0,0,1.3,0,0,NA,NA,NA,NA,NA,NA,NA,NA,NA,NA,NA,NA,NA,NA,NA,"007703_B6NJ_F_60mg_kg_.avi"
"Tail_jerk","007704",0.166666666666667,0,0,0,0,0,0.166666666666667,0,0,0,NA,NA,NA,NA,NA,NA,NA,NA,NA,NA,"007704_B6NJ_F_60mg-kg_.avi"
"Tail_jerk","007705",0,1.03333333333333,0,0.2,0,NA,NA,NA,NA,NA,NA,NA,NA,NA,NA,NA,NA,NA,NA,NA,"007705_B6NJ_F_60mg-kg_.avi"
"Tail_jerk","007706",0,4.33333333333333,0,NA,NA,NA,NA,NA,NA,NA,NA,NA,NA,NA,NA,NA,NA,NA,NA,NA,"007706_B6NJ_F_80mg-kg_.avi"
"Tail_jerk","007707",0,0.433333333333333,0,NA,NA,NA,NA,NA,NA,NA,NA,NA,NA,NA,NA,NA,NA,NA,NA,NA,"007707_B6NJ_F_80mg-kg_.avi"
"Tail_jerk","007708",0,0,0,0,0,0,NA,NA,NA,NA,NA,NA,NA,NA,NA,NA,NA,NA,NA,NA,"007708_B6NJ_F_80mg-kg_.avi"
"Tail_jerk","007709",3.36666666666667,0,0,NA,NA,NA,NA,NA,NA,NA,NA,NA,NA,NA,NA,NA,NA,NA,NA,NA,"007709_B6NJ_F_80mg-kg_.avi"
"Tail_jerk","007710",0.733333333333333,0,0,NA,NA,NA,NA,NA,NA,NA,NA,NA,NA,NA,NA,NA,NA,NA,NA,NA,"007710_B6NJ_F_80mg-kg_.avi"
"Tail_jerk","007711",7.66666666666667,1.03333333333333,NA,NA,NA,NA,NA,NA,NA,NA,NA,NA,NA,NA,NA,NA,NA,NA,NA,NA,"007711_B6NJ_F_80mg-kg_.avi"
"Tail_jerk","007713",0,NA,NA,NA,NA,NA,NA,NA,NA,NA,NA,NA,NA,NA,NA,NA,NA,NA,NA,NA,"007713_B6NJ_F_vehicle_.avi"
"Tail_jerk","007714",0,0,NA,NA,NA,NA,NA,NA,NA,NA,NA,NA,NA,NA,NA,NA,NA,NA,NA,NA,"007714_B6NJ_F_vehicle_.avi"
"Tail_jerk","007715",0,0,0,0,0,0,0,0,0,0,0,0,0,0,NA,NA,NA,NA,NA,NA,"007715_B6NJ_F_vehicle_.avi"
"Tail_jerk","007716",0,0,0,0,0,0,0,0,0,0,0,0,NA,NA,NA,NA,NA,NA,NA,NA,"007716_B6NJ_F_vehicle_.avi"
"Tail_jerk","007717",0,0,0,0,0,0,0,0,0,0,0,0,0,0,0,NA,NA,NA,NA,NA,"007717_B6NJ_F_vehicle_.avi"
"Tail_jerk","007718",0,0,0,0,0,0,0,0,0,0,0,0,0,0,0,0,NA,NA,NA,NA,"007718_B6NJ_F_vehicle_.avi"
"Tail_jerk","007720",0,0.766666666666667,0,NA,NA,NA,NA,NA,NA,NA,NA,NA,NA,NA,NA,NA,NA,NA,NA,NA,"007720 B6NJ M 40 mg-kg NV9_2022-03-22_11-03-10.avi"
"Tail_jerk","007723",1.36666666666667,0,0,0,0,NA,NA,NA,NA,NA,NA,NA,NA,NA,NA,NA,NA,NA,NA,NA,"007723 B6NJ M 40 mg-kg NV9_2022-03-22_12-00-00 maybe part 2.avi"
"Tail_jerk","007725",0,0,NA,NA,NA,NA,NA,NA,NA,NA,NA,NA,NA,NA,NA,NA,NA,NA,NA,NA,"007725_B6NJ_M_60mg-kg_.avi"
"Tail_jerk","007726",3.33333333333333,0,NA,NA,NA,NA,NA,NA,NA,NA,NA,NA,NA,NA,NA,NA,NA,NA,NA,NA,"007726_B6NJ_M_60mg-kg_.avi"
"Tail_jerk","007727",1.43333333333333,0.166666666666667,NA,NA,NA,NA,NA,NA,NA,NA,NA,NA,NA,NA,NA,NA,NA,NA,NA,NA,"007727_B6NJ_M_60mg-kg_.avi"
"Tail_jerk","007729",0.933333333333333,2,0,NA,NA,NA,NA,NA,NA,NA,NA,NA,NA,NA,NA,NA,NA,NA,NA,NA,"007729_B6NJ_M_60mg-kg_.avi"
"Tail_jerk","007730",1.9,0,NA,NA,NA,NA,NA,NA,NA,NA,NA,NA,NA,NA,NA,NA,NA,NA,NA,NA,"007730_B6NJ_M_60mg-kg_.avi"
"Tail_jerk","007731",2.76666666666667,0,NA,NA,NA,NA,NA,NA,NA,NA,NA,NA,NA,NA,NA,NA,NA,NA,NA,NA,"007731_B6NJ_M_80mg-kg_called 7631.avi"
"Tail_jerk","007732",8.2,3.9,0,NA,NA,NA,NA,NA,NA,NA,NA,NA,NA,NA,NA,NA,NA,NA,NA,NA,"007732_B6NJ_M_80mg-kg_.avi"
"Tail_jerk","007733",0,0,NA,NA,NA,NA,NA,NA,NA,NA,NA,NA,NA,NA,NA,NA,NA,NA,NA,NA,"007733_B6NJ_M_80mg-kg_.avi"
"Tail_jerk","007735",11.1666666666667,0,0,NA,NA,NA,NA,NA,NA,NA,NA,NA,NA,NA,NA,NA,NA,NA,NA,NA,"007735_B6NJ_M_80mg-kg_.avi"
"Tail_jerk","007736",2.86666666666667,0,0,NA,NA,NA,NA,NA,NA,NA,NA,NA,NA,NA,NA,NA,NA,NA,NA,NA,"007736_B6NJ_M_80mg-kg_.avi"
"Tail_jerk","007738",0,0,0,0,0,0,0,0,0,0,0,0,0,0,0,0,0,0,0,0,"007738_B6NJ_M_vehicle_.avi"
"Tail_jerk","007740",0,0,0,0,0.233333333333333,0,0.166666666666667,0,0,0,0,0,0,0,0,0,0,0.2,0,0,"007740_B6NJ_M_vehicle_.avi"
"Tail_jerk","007741",0,0,0,0,0,0,0,0,0,0,NA,NA,NA,NA,NA,NA,NA,NA,NA,NA,"007741_B6NJ_M_vehicle_.avi"
"Tail_jerk","007742",0,2.6,1.16666666666667,0,NA,NA,NA,NA,NA,NA,NA,NA,NA,NA,NA,NA,NA,NA,NA,NA,"007655_B6J_F_60mg-kg PTZ"
"Tail_jerk","037818",0,0,0,0,0,0,0,NA,NA,NA,NA,NA,NA,NA,NA,NA,NA,NA,NA,NA,"037818_B6NJ_F_38712.avi"
"Tail_jerk","037819",0,0,0,0,0,0,NA,NA,NA,NA,NA,NA,NA,NA,NA,NA,NA,NA,NA,NA,"037819_B6NJ_F_38713.avi"
"Tail_jerk","037820",0,0,0,0,0,0,0,NA,NA,NA,NA,NA,NA,NA,NA,NA,NA,NA,NA,NA,"037820_B6NJ_F_38714.avi"
"Tail_jerk","037821",0,0,0,0,0,0,0,0,NA,NA,NA,NA,NA,NA,NA,NA,NA,NA,NA,NA,"037821_B6NJ_F_38715.avi"
"Tail_jerk","037822",0,0,0,0,0,0,0,NA,NA,NA,NA,NA,NA,NA,NA,NA,NA,NA,NA,NA,"037822_B6NJ_F_38716.avi"
"Tail_jerk","037823",0,0,0,0,0,0,0,NA,NA,NA,NA,NA,NA,NA,NA,NA,NA,NA,NA,NA,"037823_B6NJ_F_38717.avi"
"Tail_jerk","037833",0,0,0,0,0,0,0,0,0,NA,NA,NA,NA,NA,NA,NA,NA,NA,NA,NA,"037833_B6J_M_38727.avi"
"Tail_jerk","037834",0,0,0,0,0,0,0,NA,NA,NA,NA,NA,NA,NA,NA,NA,NA,NA,NA,NA,"037834_B6J_M_38728.avi"
"Tail_jerk","037835",0,0,0,0,0,NA,NA,NA,NA,NA,NA,NA,NA,NA,NA,NA,NA,NA,NA,NA,"037835_B6J_M_38729.avi"
"Tail_jerk","037836",0,0,0,0,0,0,0,0,NA,NA,NA,NA,NA,NA,NA,NA,NA,NA,NA,NA,"037836_B6J_M_38730.avi"
"Tail_jerk","037837",0,0,0,0,0,0,NA,NA,NA,NA,NA,NA,NA,NA,NA,NA,NA,NA,NA,NA,"037837_B6J_M_38731.avi"
"Tail_jerk","037838",0,0,0,0,0,0,0,NA,NA,NA,NA,NA,NA,NA,NA,NA,NA,NA,NA,NA,"037838_B6J_M_38732.avi"
"Tail_jerk","037848",0,0,0,0,NA,NA,NA,NA,NA,NA,NA,NA,NA,NA,NA,NA,NA,NA,NA,NA,"037848_B6J_F_38742.avi"
"Tail_jerk","037849",0,NA,NA,NA,NA,NA,NA,NA,NA,NA,NA,NA,NA,NA,NA,NA,NA,NA,NA,NA,"037849_B6J_F_38743.avi"
"Tail_jerk","037939",0,0,0,0,0,0,0,NA,NA,NA,NA,NA,NA,NA,NA,NA,NA,NA,NA,NA,"037939_B6J_F_38833.avi"
"Tail_jerk","037940",0,0,0,0,0,0,NA,NA,NA,NA,NA,NA,NA,NA,NA,NA,NA,NA,NA,NA,"037940_B6J_F_38834.avi"
"Tail_jerk","037941",0,0,0,0,0,0,NA,NA,NA,NA,NA,NA,NA,NA,NA,NA,NA,NA,NA,NA,"037941_B6J_F_38835.avi"
"Tail_jerk","037942",0,0,0,0,0,0,0,NA,NA,NA,NA,NA,NA,NA,NA,NA,NA,NA,NA,NA,"037942_B6J_F_38836.avi"
"Tail_jerk","037949",0,0,0,0,0,0,NA,NA,NA,NA,NA,NA,NA,NA,NA,NA,NA,NA,NA,NA,"037949_B6NJ_M_38843.avi"
"Tail_jerk","037950",0,0,0,0,0,0,NA,NA,NA,NA,NA,NA,NA,NA,NA,NA,NA,NA,NA,NA,"037950_B6NJ_M_38844.avi"
"Tail_jerk","037951",0,0,0,0,0,0,0,NA,NA,NA,NA,NA,NA,NA,NA,NA,NA,NA,NA,NA,"037951_B6NJ_M_38845.avi"
"Tail_jerk","037952",0,0,0.166666666666667,0,0,0,0,NA,NA,NA,NA,NA,NA,NA,NA,NA,NA,NA,NA,NA,"037952_B6NJ_M_38846.avi"
"Tail_jerk","037953",0,0,0,0,0,0,0,0,NA,NA,NA,NA,NA,NA,NA,NA,NA,NA,NA,NA,"037953_B6NJ_M_38847.avi"
"Tail_jerk","037954",0,0,0,0,0,0,0,0,NA,NA,NA,NA,NA,NA,NA,NA,NA,NA,NA,NA,"037954_B6NJ_M_38848.avi"
"Wild_jumping","007647",0,0,0,0,0,0,0,0,0,0,0,0,0,0,0,NA,NA,NA,NA,NA,"007647_B6J_F_40mg-kg.avi"
"Wild_jumping","007648",0,0,0,0,0,0,0,0,0,0,0,0,0,0,NA,NA,NA,NA,NA,NA,"007648_B6J_F_40mg-kg.avi"
"Wild_jumping","007649",0,0,0,0,0,0,0,0,0,0,0,0,0,NA,NA,NA,NA,NA,NA,NA,"007649_B6J_F_40mg-kg.avi"
"Wild_jumping","007650",0,0,0,0,0,0,0,0,0,0,0,0,0,NA,NA,NA,NA,NA,NA,NA,"007650_B6J_F_40mg-kg.avi"
"Wild_jumping","007651",0,0,0,0,0,0,0,0,0,0,0,0,0,NA,NA,NA,NA,NA,NA,NA,"007651_B6J_F_40mg-kg.avi"
"Wild_jumping","007652",0,0,0,0,0,0,0,0,0,0,0,0,0,NA,NA,NA,NA,NA,NA,NA,"007652_B6J_F_40mg-kg.avi"
"Wild_jumping","007653",0,2.23333333333333,0,0,0,NA,NA,NA,NA,NA,NA,NA,NA,NA,NA,NA,NA,NA,NA,NA,"007653_B6J_F_60mg-kg.avi"
"Wild_jumping","007654",0,0,0.566666666666667,0,NA,NA,NA,NA,NA,NA,NA,NA,NA,NA,NA,NA,NA,NA,NA,NA,"007654_B6J_F_60mg-kg.avi"
"Wild_jumping","007656",0,0.633333333333333,0,0,NA,NA,NA,NA,NA,NA,NA,NA,NA,NA,NA,NA,NA,NA,NA,NA,"007656_B6J_F_60mg-kg.avi"
"Wild_jumping","007657",0,0,0,0,NA,NA,NA,NA,NA,NA,NA,NA,NA,NA,NA,NA,NA,NA,NA,NA,"007657_B6J_F_60mg-kg.avi"
"Wild_jumping","007658",0,0,0,0,0,NA,NA,NA,NA,NA,NA,NA,NA,NA,NA,NA,NA,NA,NA,NA,"007658_B6J_F_60mg-kg PTZ.avi"
"Wild_jumping","007659",0,0,0,NA,NA,NA,NA,NA,NA,NA,NA,NA,NA,NA,NA,NA,NA,NA,NA,NA,"007659_B6J_F_80mg-kg_.avi"
"Wild_jumping","007660",0,0,0,NA,NA,NA,NA,NA,NA,NA,NA,NA,NA,NA,NA,NA,NA,NA,NA,NA,"007660_B6J_F_80mg-kg_.avi"
"Wild_jumping","007661",0,0,0,NA,NA,NA,NA,NA,NA,NA,NA,NA,NA,NA,NA,NA,NA,NA,NA,NA,"007661_B6J_F_80mg-kg_.avi"
"Wild_jumping","007662",0,0.6,0,0,NA,NA,NA,NA,NA,NA,NA,NA,NA,NA,NA,NA,NA,NA,NA,NA,"007662_B6J_F_80mg-kg_called_7762.avi"
"Wild_jumping","007663",0,0,0,NA,NA,NA,NA,NA,NA,NA,NA,NA,NA,NA,NA,NA,NA,NA,NA,NA,"007663_B6J_F_80mg-kg_called_7763.avi"
"Wild_jumping","007664",0,0,0,NA,NA,NA,NA,NA,NA,NA,NA,NA,NA,NA,NA,NA,NA,NA,NA,NA,"007664_B6J_F_80mg-kg_called_7764.avi"
"Wild_jumping","007665",0,0,0,0,0,0,0,0,0,NA,NA,NA,NA,NA,NA,NA,NA,NA,NA,NA,"007665_B6J_F_vehicle_.avi"
"Wild_jumping","007666",0,0,0,0,0,0,0,0,0,NA,NA,NA,NA,NA,NA,NA,NA,NA,NA,NA,"007666_B6J_F_vehicle_.avi"
"Wild_jumping","007667",0,0,0,0,0,0,0,0,0,0,0,0,0,NA,NA,NA,NA,NA,NA,NA,"007667_B6J_F_vehicle_.avi"
"Wild_jumping","007668",0,0,0,0,0,0,0,0,0,0,0,0,NA,NA,NA,NA,NA,NA,NA,NA,"007668_B6J_F_vehicle_.avi"
"Wild_jumping","007669",0,0,0,0,0,0,0,0,0,0,0,NA,NA,NA,NA,NA,NA,NA,NA,NA,"007669_B6J_F_vehicle_.avi"
"Wild_jumping","007670",0,0,0,0,0,0,0,0,0,0,NA,NA,NA,NA,NA,NA,NA,NA,NA,NA,"007670_B6J_F_vehicle_.avi"
"Wild_jumping","007671",0,0,0,0,0,0,0,0,0,0,0,0,0,0,0,0,0,0,0,0,"007671_B6J_M_40mg-kg_.avi"
"Wild_jumping","007672",0,0,0,0,0,0,0,0,0,0,0,0,0,0,0,0,0,0,0,0,"007672_B6J_M_40mg-kg_.avi"
"Wild_jumping","007673",0,0,0,0,0,0,0,0,0,0,0,0,NA,NA,NA,NA,NA,NA,NA,NA,"007673_B6J_M_40mg-kg_.avi"
"Wild_jumping","007674",0,0,0,0,0,0,0,0,0,0,NA,NA,NA,NA,NA,NA,NA,NA,NA,NA,"007674_B6J_M_40mg-kg_.avi"
"Wild_jumping","007675",0,0,0,0,0,0,0,0,0,0,NA,NA,NA,NA,NA,NA,NA,NA,NA,NA,"007675 B6J M 40mg-kg NV5_2022-03-22_11-01-39.avi"
"Wild_jumping","007676",0,0,0,0,0,0,0,0,0,0,NA,NA,NA,NA,NA,NA,NA,NA,NA,NA,"007676 B6J M 40 mg-kgNV10 or NV11 video_recording_2022-03-22_11-03-40.avi"
"Wild_jumping","007677",0,0,0,2.53333333333333,0,NA,NA,NA,NA,NA,NA,NA,NA,NA,NA,NA,NA,NA,NA,NA,"007677_B6J_M_60mg-kg_.avi"
"Wild_jumping","007679",0,0,0,NA,NA,NA,NA,NA,NA,NA,NA,NA,NA,NA,NA,NA,NA,NA,NA,NA,"007679_B6J_M_60mg-kg_.avi"
"Wild_jumping","007680",0,0,0,0,0,0,0,0,NA,NA,NA,NA,NA,NA,NA,NA,NA,NA,NA,NA,"007680_B6J_M_60mg-kg_.avi"
"Wild_jumping","007681",0,0,0,0,0,0,0,0,NA,NA,NA,NA,NA,NA,NA,NA,NA,NA,NA,NA,"007681_B6J_M_60mg-kg_.avi"
"Wild_jumping","007682",0,4.63333333333333,0,0,NA,NA,NA,NA,NA,NA,NA,NA,NA,NA,NA,NA,NA,NA,NA,NA,"007682_B6J_M_60mg-kg_.avi"
"Wild_jumping","007683",0,0,NA,NA,NA,NA,NA,NA,NA,NA,NA,NA,NA,NA,NA,NA,NA,NA,NA,NA,"007683_B6J_M_80mg-kg_.avi"
"Wild_jumping","007684",0.6,0,NA,NA,NA,NA,NA,NA,NA,NA,NA,NA,NA,NA,NA,NA,NA,NA,NA,NA,"007684 B6J_M_80mg-kg video_recording_NV10 or NV11 041222.avi"
"Wild_jumping","007685",0,0,NA,NA,NA,NA,NA,NA,NA,NA,NA,NA,NA,NA,NA,NA,NA,NA,NA,NA,"007685_B6J_M_80mg-kg_.avi"
"Wild_jumping","007686",0,0,0,NA,NA,NA,NA,NA,NA,NA,NA,NA,NA,NA,NA,NA,NA,NA,NA,NA,"007686_B6J_M_80mg-kg_.avi"
"Wild_jumping","007687",2.83333333333333,0,NA,NA,NA,NA,NA,NA,NA,NA,NA,NA,NA,NA,NA,NA,NA,NA,NA,NA,"007687_B6J_M_80mg-kg_.avi"
"Wild_jumping","007688",0,0,0,NA,NA,NA,NA,NA,NA,NA,NA,NA,NA,NA,NA,NA,NA,NA,NA,NA,"007688_B6J_M_80mg-kg_.avi"
"Wild_jumping","007689",0,NA,NA,NA,NA,NA,NA,NA,NA,NA,NA,NA,NA,NA,NA,NA,NA,NA,NA,NA,"007689_B6J_M_vehicle_.avi"
"Wild_jumping","007690",0,NA,NA,NA,NA,NA,NA,NA,NA,NA,NA,NA,NA,NA,NA,NA,NA,NA,NA,NA,"007690_B6J_M_vehicle_.avi"
"Wild_jumping","007691",0,0,0,0,0,0,0,0,0,0,0,0,0,0,0,0,0,0,0,0,"007691_B6J_M_vehicle_.avi"
"Wild_jumping","007692",0,0,0,0,0,0,0,0,0,0,0,0,0,0,0,0,0,0,0,0,"007692_B6J_M_vehicle_.avi"
"Wild_jumping","007693",0,0,0,0,0,0,0,0,0,0,0,0,0,0,0,NA,NA,NA,NA,NA,"007693_B6J_M_vehicle_.avi"
"Wild_jumping","007694",0,0,0,0,0,0,0,0,0,0,0,0,0,0,NA,NA,NA,NA,NA,NA,"007694_B6J_M_vehicle_.avi"
"Wild_jumping","007695",0,0,0,0,0,0,0,0,0,0,0,0,NA,NA,NA,NA,NA,NA,NA,NA,"007695_B6NJ_F_40mg-kg_called B6J.avi"
"Wild_jumping","007696",0,0,0,0,0,0,0,0,0,0,0,0,0,0,NA,NA,NA,NA,NA,NA,"007696_B6NJ_F_40mg-kg_called B6J.avi"
"Wild_jumping","007697",0,0,0,0,0,0,0,0,0,0,0,0,0,NA,NA,NA,NA,NA,NA,NA,"007697_B6NJ_F_40mg-kg_called B6J.avi"
"Wild_jumping","007698",0,0,0,0,0,0,0,0,0,0,0,0,0,NA,NA,NA,NA,NA,NA,NA,"007698_B6NJ_F_40mg-kg_called B6J.avi"
"Wild_jumping","007699",0,0,0,0,0,0,0,0,0,0,0,0,0,0,NA,NA,NA,NA,NA,NA,"007699_B6NJ_F_40mg-kg_called B6J.avi"
"Wild_jumping","007700",0,0,0,0,0,0,0,0,0,0,0,NA,NA,NA,NA,NA,NA,NA,NA,NA,"007700_B6NJ_F_40mg-kg_called B6J.avi"
"Wild_jumping","007701",0,0,0,0,NA,NA,NA,NA,NA,NA,NA,NA,NA,NA,NA,NA,NA,NA,NA,NA,"007701_B6NJ_F_60mg_kg_.avi"
"Wild_jumping","007702",0,0,0,NA,NA,NA,NA,NA,NA,NA,NA,NA,NA,NA,NA,NA,NA,NA,NA,NA,"007702_B6NJ_F_60mg_kg_.avi"
"Wild_jumping","007703",0,0,0,0,0,NA,NA,NA,NA,NA,NA,NA,NA,NA,NA,NA,NA,NA,NA,NA,"007703_B6NJ_F_60mg_kg_.avi"
"Wild_jumping","007704",0,0,0,0,0,0,0,0,0,0,NA,NA,NA,NA,NA,NA,NA,NA,NA,NA,"007704_B6NJ_F_60mg-kg_.avi"
"Wild_jumping","007705",0,0,0,0,0,NA,NA,NA,NA,NA,NA,NA,NA,NA,NA,NA,NA,NA,NA,NA,"007705_B6NJ_F_60mg-kg_.avi"
"Wild_jumping","007706",0,0,0,NA,NA,NA,NA,NA,NA,NA,NA,NA,NA,NA,NA,NA,NA,NA,NA,NA,"007706_B6NJ_F_80mg-kg_.avi"
"Wild_jumping","007707",0,0,0,NA,NA,NA,NA,NA,NA,NA,NA,NA,NA,NA,NA,NA,NA,NA,NA,NA,"007707_B6NJ_F_80mg-kg_.avi"
"Wild_jumping","007708",0,0,0,0,0,0,NA,NA,NA,NA,NA,NA,NA,NA,NA,NA,NA,NA,NA,NA,"007708_B6NJ_F_80mg-kg_.avi"
"Wild_jumping","007709",0.8,0,0,NA,NA,NA,NA,NA,NA,NA,NA,NA,NA,NA,NA,NA,NA,NA,NA,NA,"007709_B6NJ_F_80mg-kg_.avi"
"Wild_jumping","007710",0.933333333333333,0,0,NA,NA,NA,NA,NA,NA,NA,NA,NA,NA,NA,NA,NA,NA,NA,NA,NA,"007710_B6NJ_F_80mg-kg_.avi"
"Wild_jumping","007711",3.23333333333333,0,NA,NA,NA,NA,NA,NA,NA,NA,NA,NA,NA,NA,NA,NA,NA,NA,NA,NA,"007711_B6NJ_F_80mg-kg_.avi"
"Wild_jumping","007713",0,NA,NA,NA,NA,NA,NA,NA,NA,NA,NA,NA,NA,NA,NA,NA,NA,NA,NA,NA,"007713_B6NJ_F_vehicle_.avi"
"Wild_jumping","007714",0,0,NA,NA,NA,NA,NA,NA,NA,NA,NA,NA,NA,NA,NA,NA,NA,NA,NA,NA,"007714_B6NJ_F_vehicle_.avi"
"Wild_jumping","007715",0,0,0,0,0,0,0,0,0,0,0,0,0,0,NA,NA,NA,NA,NA,NA,"007715_B6NJ_F_vehicle_.avi"
"Wild_jumping","007716",0,0,0,0,0,0,0,0,0,0,0,0,NA,NA,NA,NA,NA,NA,NA,NA,"007716_B6NJ_F_vehicle_.avi"
"Wild_jumping","007717",0,0,0,0,0,0,0,0,0,0,0,0,0,0,0,NA,NA,NA,NA,NA,"007717_B6NJ_F_vehicle_.avi"
"Wild_jumping","007718",0,0,0,0,0,0,0,0,0,0,0,0,0,0,0,0,NA,NA,NA,NA,"007718_B6NJ_F_vehicle_.avi"
"Wild_jumping","007720",0,0,0,NA,NA,NA,NA,NA,NA,NA,NA,NA,NA,NA,NA,NA,NA,NA,NA,NA,"007720 B6NJ M 40 mg-kg NV9_2022-03-22_11-03-10.avi"
"Wild_jumping","007723",0,0,0,0,0,NA,NA,NA,NA,NA,NA,NA,NA,NA,NA,NA,NA,NA,NA,NA,"007723 B6NJ M 40 mg-kg NV9_2022-03-22_12-00-00 maybe part 2.avi"
"Wild_jumping","007725",0,0,NA,NA,NA,NA,NA,NA,NA,NA,NA,NA,NA,NA,NA,NA,NA,NA,NA,NA,"007725_B6NJ_M_60mg-kg_.avi"
"Wild_jumping","007726",3.26666666666667,0,NA,NA,NA,NA,NA,NA,NA,NA,NA,NA,NA,NA,NA,NA,NA,NA,NA,NA,"007726_B6NJ_M_60mg-kg_.avi"
"Wild_jumping","007727",0,0,NA,NA,NA,NA,NA,NA,NA,NA,NA,NA,NA,NA,NA,NA,NA,NA,NA,NA,"007727_B6NJ_M_60mg-kg_.avi"
"Wild_jumping","007729",0.7,0,0,NA,NA,NA,NA,NA,NA,NA,NA,NA,NA,NA,NA,NA,NA,NA,NA,NA,"007729_B6NJ_M_60mg-kg_.avi"
"Wild_jumping","007730",0.566666666666667,0,NA,NA,NA,NA,NA,NA,NA,NA,NA,NA,NA,NA,NA,NA,NA,NA,NA,NA,"007730_B6NJ_M_60mg-kg_.avi"
"Wild_jumping","007731",0,0,NA,NA,NA,NA,NA,NA,NA,NA,NA,NA,NA,NA,NA,NA,NA,NA,NA,NA,"007731_B6NJ_M_80mg-kg_called 7631.avi"
"Wild_jumping","007732",0,5.8,0,NA,NA,NA,NA,NA,NA,NA,NA,NA,NA,NA,NA,NA,NA,NA,NA,NA,"007732_B6NJ_M_80mg-kg_.avi"
"Wild_jumping","007733",0,0,NA,NA,NA,NA,NA,NA,NA,NA,NA,NA,NA,NA,NA,NA,NA,NA,NA,NA,"007733_B6NJ_M_80mg-kg_.avi"
"Wild_jumping","007735",4.56666666666667,0,0,NA,NA,NA,NA,NA,NA,NA,NA,NA,NA,NA,NA,NA,NA,NA,NA,NA,"007735_B6NJ_M_80mg-kg_.avi"
"Wild_jumping","007736",0,0,0,NA,NA,NA,NA,NA,NA,NA,NA,NA,NA,NA,NA,NA,NA,NA,NA,NA,"007736_B6NJ_M_80mg-kg_.avi"
"Wild_jumping","007738",0,0,0,0,0,0,0,0,0,0,0,0,0,0,0,0,0,0,0,0,"007738_B6NJ_M_vehicle_.avi"
"Wild_jumping","007740",0,0,0,0,0,0,0,0,0,0,0,0,0,0,0,0,0,0,0,0,"007740_B6NJ_M_vehicle_.avi"
"Wild_jumping","007741",0,0,0,0,0,0,0,0,0,0,NA,NA,NA,NA,NA,NA,NA,NA,NA,NA,"007741_B6NJ_M_vehicle_.avi"
"Wild_jumping","007742",0,0,0,0,NA,NA,NA,NA,NA,NA,NA,NA,NA,NA,NA,NA,NA,NA,NA,NA,"007655_B6J_F_60mg-kg PTZ"
"Wild_jumping","037818",0,0,0,0,0,0,0,NA,NA,NA,NA,NA,NA,NA,NA,NA,NA,NA,NA,NA,"037818_B6NJ_F_38712.avi"
"Wild_jumping","037819",0,0,0,0,0,0,NA,NA,NA,NA,NA,NA,NA,NA,NA,NA,NA,NA,NA,NA,"037819_B6NJ_F_38713.avi"
"Wild_jumping","037820",0,0,0,0,0,0,0,NA,NA,NA,NA,NA,NA,NA,NA,NA,NA,NA,NA,NA,"037820_B6NJ_F_38714.avi"
"Wild_jumping","037821",0,0,0,0,0,0,0.7,0,NA,NA,NA,NA,NA,NA,NA,NA,NA,NA,NA,NA,"037821_B6NJ_F_38715.avi"
"Wild_jumping","037822",0,0,0,0,0,0,0,NA,NA,NA,NA,NA,NA,NA,NA,NA,NA,NA,NA,NA,"037822_B6NJ_F_38716.avi"
"Wild_jumping","037823",0,0,0,0,0,0,0,NA,NA,NA,NA,NA,NA,NA,NA,NA,NA,NA,NA,NA,"037823_B6NJ_F_38717.avi"
"Wild_jumping","037833",0,0,0,0,0,0,0,0,0,NA,NA,NA,NA,NA,NA,NA,NA,NA,NA,NA,"037833_B6J_M_38727.avi"
"Wild_jumping","037834",0,0,0,0,0,0,0,NA,NA,NA,NA,NA,NA,NA,NA,NA,NA,NA,NA,NA,"037834_B6J_M_38728.avi"
"Wild_jumping","037835",0,0,0,0,0,NA,NA,NA,NA,NA,NA,NA,NA,NA,NA,NA,NA,NA,NA,NA,"037835_B6J_M_38729.avi"
"Wild_jumping","037836",0,0,0,0,0,0,0,0,NA,NA,NA,NA,NA,NA,NA,NA,NA,NA,NA,NA,"037836_B6J_M_38730.avi"
"Wild_jumping","037837",0,0,0,0,0,0,NA,NA,NA,NA,NA,NA,NA,NA,NA,NA,NA,NA,NA,NA,"037837_B6J_M_38731.avi"
"Wild_jumping","037838",0,0,0,0,0,0,0,NA,NA,NA,NA,NA,NA,NA,NA,NA,NA,NA,NA,NA,"037838_B6J_M_38732.avi"
"Wild_jumping","037848",0,0,0,0,NA,NA,NA,NA,NA,NA,NA,NA,NA,NA,NA,NA,NA,NA,NA,NA,"037848_B6J_F_38742.avi"
"Wild_jumping","037849",0,NA,NA,NA,NA,NA,NA,NA,NA,NA,NA,NA,NA,NA,NA,NA,NA,NA,NA,NA,"037849_B6J_F_38743.avi"
"Wild_jumping","037939",0,0,0,0,0,0,0,NA,NA,NA,NA,NA,NA,NA,NA,NA,NA,NA,NA,NA,"037939_B6J_F_38833.avi"
"Wild_jumping","037940",0,0,0,0,0,0,NA,NA,NA,NA,NA,NA,NA,NA,NA,NA,NA,NA,NA,NA,"037940_B6J_F_38834.avi"
"Wild_jumping","037941",0,0,0,0,0,0,NA,NA,NA,NA,NA,NA,NA,NA,NA,NA,NA,NA,NA,NA,"037941_B6J_F_38835.avi"
"Wild_jumping","037942",0,0,0,0,0,0,0,NA,NA,NA,NA,NA,NA,NA,NA,NA,NA,NA,NA,NA,"037942_B6J_F_38836.avi"
"Wild_jumping","037949",0,0,0,0,0,0,NA,NA,NA,NA,NA,NA,NA,NA,NA,NA,NA,NA,NA,NA,"037949_B6NJ_M_38843.avi"
"Wild_jumping","037950",0,0,0,0,0,0,NA,NA,NA,NA,NA,NA,NA,NA,NA,NA,NA,NA,NA,NA,"037950_B6NJ_M_38844.avi"
"Wild_jumping","037951",0,0,0,0,0,0,0,NA,NA,NA,NA,NA,NA,NA,NA,NA,NA,NA,NA,NA,"037951_B6NJ_M_38845.avi"
"Wild_jumping","037952",0,0,0,0,0,0,0,NA,NA,NA,NA,NA,NA,NA,NA,NA,NA,NA,NA,NA,"037952_B6NJ_M_38846.avi"
"Wild_jumping","037953",0,0,0,0,0,0,0,0,NA,NA,NA,NA,NA,NA,NA,NA,NA,NA,NA,NA,"037953_B6NJ_M_38847.avi"
"Wild_jumping","037954",0,0,0,0,0,0,0,0,NA,NA,NA,NA,NA,NA,NA,NA,NA,NA,NA,NA,"037954_B6NJ_M_38848.avi"
